ABOLEL.cif.cif,P2_1/c
ABOSOZ.cif.cif,P-1
ABOSUF.cif.cif,P1
ACASOO.cif.cif,P2_1/c
ACIXOA.cif.cif,P-1
ACIXUG.cif.cif,P-1
ACIYAN.cif.cif,P-1
ACOTIV.cif.cif,P2_1/c
ACPORC.cif.cif,P-1
ACPOTL.cif.cif,P2_1
ADIPUB.cif.cif,P-1
ADIQAI.cif.cif,P-1
AFEDAS.cif.cif,P2_1/c
AGAHUO.cif.cif,P2_12_12_1
AGAJAW.cif.cif,P2_1/c
AGAJEA.cif.cif,P2_12_12_1
AGAKEB.cif.cif,P-1
AGAKIF.cif.cif,P-1
AGAKOL.cif.cif,P-1
AGAKUR.cif.cif,P2_1/c
AGOKOY.cif.cif,P-1
AHAQUV.cif.cif,P2_1
AHIHII.cif.cif,P2_1/c
AHOGIO.cif.cif,P2_1/c
AJEKAB.cif.cif,P-1
AJEYUM.cif.cif,P2_1/c
AJIPEP.cif.cif,P2_1/c
AJUKUN.cif.cif,P-1
AKEJEH.cif.cif,P1
AKICEC.cif.cif,P-1
AKIDAZ.cif.cif,P-1
AKIDIH.cif.cif,P2_1/c
AKOTEA.cif.cif,Pbca
AKOTIE.cif.cif,C2/c
AKOTOK.cif.cif,P-1
AKOTUQ.cif.cif,P2_1/c
ALAKIJ.cif.cif,P-1
ALAKOP.cif.cif,P2_1/c
ALALAA.cif.cif,P-1
ALALIK.cif.cif,P-1
ALALUW.cif.cif,P-1
ALAMAD.cif.cif,P2_1/c
ALIGAE.cif.cif,P1
ALIRIZ.cif.cif,P2_1
ALITAQ.cif.cif,P2_12_12
ALITEU.cif.cif,P2_1
ALIZIE.cif.cif,P-1
ALONEU.cif.cif,P-1
AMAJII.cif.cif,P2_1/c
AMAJOO.cif.cif,P2_1/c
AMETOB.cif.cif,P2_1/c
AMETUH.cif.cif,P2_1/c
ANEHEH.cif.cif,R-3
ANEHIL.cif.cif,P-1
ANIHIQ.cif.cif,Pc
ANOVIJ.cif.cif,C2/c
ANPRNA.cif.cif,C2/c
ANULEC.cif.cif,P-1
ANUYOY.cif.cif,P2_1/c
APANUC.cif.cif,P-1
APENER.cif.cif,P2_1/c
APEVAT.cif.cif,P-1
APEYIG.cif.cif,P-1
APEYOM.cif.cif,P-1
APEZAZ.cif.cif,P-1
APEZED.cif.cif,P-1
AQINUK.cif.cif,P2_1/c
AQOCOY.cif.cif,P-1
AQOCUE.cif.cif,P-1
AQOGES.cif.cif,P-1
AQOYAI.cif.cif,P-1
ARAVUN.cif.cif,P-1
AROBEP.cif.cif,P2_1/c
ARODOC.cif.cif,P-1
AROLID.cif.cif,Pca2_1
AROLOJ.cif.cif,P2_1/c
AROVUA.cif.cif,P-1
AROWAH.cif.cif,P2_1/c
ARUFAX.cif.cif,Pna2_1
ARUFEB.cif.cif,P2_1/c
ARUFIF.cif.cif,P2_1/c
ARUXIW.cif.cif,P-1
ASESIB.cif.cif,P-1
ASESOH.cif.cif,P-1
ASIPIB.cif.cif,P-1
ASIPIC.cif.cif,P-1
ASIPOH.cif.cif,P2_1/c
ASIPUN.cif.cif,P-1
ATAWAU.cif.cif,P2_1/c
ATEVIG.cif.cif,P-1
ATEWUT.cif.cif,P-1
ATIRAW.cif.cif,P-1
ATIREA.cif.cif,P2_1
ATIXAF.cif.cif,P2_1
ATUSOX.cif.cif,P-1
AVELIZ.cif.cif,P-1
AVELOF.cif.cif,P-1
AVELUL.cif.cif,P-1
AVEZIL.cif.cif,P2_12_12_1
AVIXOT.cif.cif,C2/c
AWAKOA.cif.cif,Pccn
AWAKUG.cif.cif,C2/c
AWALAN.cif.cif,P-1
AWALER.cif.cif,P-1
AWALIV.cif.cif,P-1
AWALOB.cif.cif,C2/c
AWALUH.cif.cif,C2/c
AWAMAO.cif.cif,P-1
AWAMES.cif.cif,P-1
AWAMIW.cif.cif,C2/c
AWEYOT.cif.cif,P2_1
AWIQEC.cif.cif,P2_1/c
AWOMOP.cif.cif,P2_1/c
AXAHUF.cif.cif,P-1
AXOFAX.cif.cif,P2_1/c
AXUWUL.cif.cif,P-1
AYOQOU.cif.cif,P2_1/c
AYUWAU.cif.cif,P-1
AZABOU.cif.cif,P-1
AZIVEK.cif.cif,P2_1/c
AZTPFF.cif.cif,P2_1/c
BABBOW.cif.cif,P-1
BACHIA.cif.cif,P2_1/c
BACHOG.cif.cif,P-1
BACHUM.cif.cif,P2_1/c
BACJIC.cif.cif,P-1
BACLEX.cif.cif,P-1
BACTEE10.cif.cif,P2_1/c
BACTEE20.cif.cif,P2_1/c
BADREE.cif.cif,P-1
BADRII.cif.cif,P-1
BADROO.cif.cif,P2_12_12
BADRUU.cif.cif,P2_1/c
BAFHID.cif.cif,P-1
BAFKEZ.cif.cif,Pc
BAHMEC.cif.cif,P-1
BALJED.cif.cif,P-1
BALMEG.cif.cif,P2_1/c
BALROX.cif.cif,P-1
BAMKEG.cif.cif,P-1
BANJOR.cif.cif,P-1
BANJOR01.cif.cif,P-1
BANKAE.cif.cif,P2_1/c
BAPWEV.cif.cif,P2_1/c
BAQTAP.cif.cif,P-1
BASFAF.cif.cif,P2_1/c
BASFEJ.cif.cif,P-1
BASJUA.cif.cif,P-1
BAVXIG.cif.cif,I-4
BAWJUF.cif.cif,P-1
BAYDEL.cif.cif,P2_1/c
BAYFAJ.cif.cif,P2_12_12_1
BAYWOO.cif.cif,P2_1/c
BEBDOE.cif.cif,P2_1/c
BEBYAL.cif.cif,P1
BECYEO.cif.cif,P2_1/c
BEDCAO.cif.cif,P2_1/c
BEDLII.cif.cif,P-1
BEDLOO.cif.cif,P2_1/c
BEDLUU.cif.cif,P2_1
BEDMAB.cif.cif,P2_1/c
BEDPIM.cif.cif,P-1
BEDPOS.cif.cif,P2_1/c
BEDZUG.cif.cif,P2_1/c
BEGLUU.cif.cif,P2_1/c
BEJDIG.cif.cif,P2_1/c
BEJRIU.cif.cif,P2_1/c
BEJROA.cif.cif,C2/c
BEJRUG.cif.cif,P2_1/c
BEJSAN.cif.cif,P-1
BEJSER.cif.cif,P2_1/c
BEJSIV.cif.cif,P2_1/c
BEJSUH.cif.cif,P-1
BEKPIQ.cif.cif,P2_1/c
BEMQAM.cif.cif,C2/c
BEMQEQ.cif.cif,P2_1/c
BENYID.cif.cif,P-1
BEPDEF.cif.cif,P-1
BEQDAE.cif.cif,P2_1/c
BERNIY.cif.cif,C2/c
BESCIN.cif.cif,P-1
BETPOF.cif.cif,P2_1/c
BEWNUM.cif.cif,P-1
BEWNUP.cif.cif,P-1
BEXKUM.cif.cif,P2_1/c
BEYFOC.cif.cif,P-1
BEYFUI.cif.cif,P-1
BEYZUC.cif.cif,P-1
BEZRON.cif.cif,P2_1/c
BEZRON01.cif.cif,P2_1/c
BEZRUT.cif.cif,P-1
BIBFEZ.cif.cif,P-1
BICQAF.cif.cif,Cc
BICQEJ.cif.cif,Cc
BICQIN.cif.cif,Cc
BICQOT.cif.cif,P1
BIKPAM.cif.cif,P2_1/c
BIMDOT.cif.cif,P2_12_12_1
BINNUH.cif.cif,P-1
BITPFE.cif.cif,P2_1/c
BIXPIH.cif.cif,P2_1/c
BIXSUW01.cif.cif,P-1
BIXVEJ10.cif.cif,P2_1/c
BIYJUP.cif.cif,P-1
BIYJUP01.cif.cif,P-1
BIYJUP02.cif.cif,P-1
BIYJUP03.cif.cif,P-1
BIYXIS.cif.cif,P-1
BIZNOO.cif.cif,P2_1/c
BOBKIN.cif.cif,C2/c
BOBYIA.cif.cif,P2_1/c
BOCGEG.cif.cif,P-1
BODFIL.cif.cif,P2_1/c
BOHNUK.cif.cif,P2_1/c
BOJTIG.cif.cif,P-1
BOJTOM.cif.cif,P2_1/c
BOJTUS.cif.cif,P2_1/c
BOJVAA.cif.cif,P2_1/c
BOKSIF.cif.cif,P2_12_12_1
BONJIA.cif.cif,P-1
BONJOE.cif.cif,Pbca
BONJOG.cif.cif,P-1
BONREB.cif.cif,P-1
BONWEG.cif.cif,P2_1/c
BONWEG01.cif.cif,P2_1/c
BOPHOD01.cif.cif,C2/c
BOPVUY.cif.cif,C2
BOQPIG.cif.cif,P2_1/c
BORBUG.cif.cif,P-1
BORJEY.cif.cif,P2_1/c
BORJIC.cif.cif,P2_12_12_1
BORJOI.cif.cif,P2_1/c
BORKEZ.cif.cif,P2_1/c
BOSBAM.cif.cif,P-1
BOSBAM10.cif.cif,P-1
BOSLOL.cif.cif,C2/c
BOYFAW.cif.cif,P2_1/c
BOYXEU.cif.cif,P2_1/c
BOZYIY.cif.cif,P2_1/c
BTPPFE.cif.cif,P2_1/c
BUBDOU.cif.cif,P-1
BUBDUX.cif.cif,P2_1/c
BUBDUX10.cif.cif,P2_1/c
BUFMUN.cif.cif,P-1
BUGJIX.cif.cif,P-1
BUGJOD.cif.cif,P-1
BUGWOS.cif.cif,P-1
BUJGES.cif.cif,C2/c
BULXIP.cif.cif,P2_1/c
BUSFON.cif.cif,P2_1/c
BUTVOB.cif.cif,P2_1/c
BUTVUH.cif.cif,P2_1/c
BUVKOV.cif.cif,P-3c1
BUWNAJ.cif.cif,P-1
BUXVOG.cif.cif,P-1
BUYXIC10.cif.cif,P2_12_12_1
BUYXIC20.cif.cif,P2_12_12_1
BZOEPR10.cif.cif,P2_1/c
CABLUP.cif.cif,P2_1/c
CACKEA.cif.cif,P-1
CADDUJ.cif.cif,P-1
CADVUC.cif.cif,C2/c
CAFBAN.cif.cif,P-1
CAFDUJ.cif.cif,P2_1/c
CAFQAE.cif.cif,P-1
CAFQUX.cif.cif,P2_1/c
CAFRAE.cif.cif,P2_1/c
CAGKEB.cif.cif,P2_1/c
CAGKOL.cif.cif,P2_1
CAKMAC10.cif.cif,P2_1/c
CAKMAC11.cif.cif,P2_1/c
CAKQEK.cif.cif,P2_1/c
CALGAX.cif.cif,P2_1/c
CALGAX01.cif.cif,P2_1/c
CALHON.cif.cif,P2_1/c
CAQMUF.cif.cif,P-1
CAQNAM.cif.cif,Pbca
CAQNEO.cif.cif,P2_1
CAQYUP.cif.cif,P-1
CARSOG.cif.cif,P-1
CARTAT.cif.cif,C2/c
CASNOC.cif.cif,P-1
CATMAO.cif.cif,P2_12_12_1
CATRAR.cif.cif,P-1
CATYEE.cif.cif,P-1
CAWXUU.cif.cif,P2_1/c
CAXHAK.cif.cif,Pc
CEBMAZ.cif.cif,P-1
CEDWIS.cif.cif,P2_1/c
CEFKOP.cif.cif,P2_1/c
CEHPOX.cif.cif,P-1
CEHVIX.cif.cif,P2_1/c
CEHVUJ.cif.cif,P-1
CEKNOW.cif.cif,P-1
CELBUT.cif.cif,P-1
CELTIW.cif.cif,P2_12_12_1
CELVAQ.cif.cif,P2_12_12_1
CELVUK.cif.cif,P2_12_12_1
CELWAR.cif.cif,P-1
CELWIZ.cif.cif,P-1
CELYEX.cif.cif,P-1
CELYIB.cif.cif,P-1
CENRES.cif.cif,C2/c
CEPBAB.cif.cif,P2_1/c
CEPJUE.cif.cif,P2_1/c
CEQJOY.cif.cif,P-1
CETPEX.cif.cif,P2_1/c
CETTOM.cif.cif,C222_1
CETTUS.cif.cif,I222
CETWON.cif.cif,P1
CEVXIN.cif.cif,P1
CEWSII.cif.cif,P-1
CEXRAA.cif.cif,P-1
CEXSAB.cif.cif,P2_1/c
CEYCIV.cif.cif,P-1
CEYWEL.cif.cif,P-1
CEZKEX01.cif.cif,P-1
CHEMIN.cif.cif,P-1
CHEMIN02.cif.cif,P-1
CIBTIS.cif.cif,P2_1/c
CICDEZ.cif.cif,P-1
CICQAG.cif.cif,P-1
CIFHIJ.cif.cif,P-1
CIFHOP.cif.cif,Pbca
CIFHUV.cif.cif,Pbca
CIFJAD.cif.cif,P2_1/c
CIHXOI.cif.cif,P2_1/c
CIJBUT.cif.cif,P2_1/c
CIKYUQ.cif.cif,P2_1/c
CILLAK.cif.cif,P2_1/c
CILWEA.cif.cif,Pbca
CILYIF.cif.cif,P-1
CIMGEM.cif.cif,C2/c
CIMHIS.cif.cif,P-1
CIPCOV.cif.cif,P-1
CIPLAO.cif.cif,P-1
CIRDAI.cif.cif,C2/c
CIRZEJ.cif.cif,Cc
CIRZIN.cif.cif,P1
CIVSIK.cif.cif,P2_1/c
CIVSOQ.cif.cif,P-1
CIYLED.cif.cif,P-1
CIZKOM.cif.cif,P-1
CLPNIN.cif.cif,P2_1/c
CLTPTL.cif.cif,P2_1/c
CMOTTP10.cif.cif,Fdd2
CMPOMN.cif.cif,P-1
CMPORC10.cif.cif,P-1
COCBAA.cif.cif,P-1
COFYAY.cif.cif,P-1
COGTEA.cif.cif,P-1
COGTIE.cif.cif,P-1
COJHUF.cif.cif,P-1
COLNIA.cif.cif,P-1
COLREA.cif.cif,P-1
COLTOM.cif.cif,P2_1/c
COMKEX.cif.cif,P-1
CONQOL.cif.cif,P-1
COQLAY.cif.cif,P-1
CORNAY.cif.cif,P-1
COSJUP.cif.cif,P-1
COSNIJ.cif.cif,P-1
COSZAM.cif.cif,P-1
COTQIL.cif.cif,P-1
COTQUX.cif.cif,P2_1/c
COTWEN.cif.cif,Pc
COTYES.cif.cif,P-1
COVLEF.cif.cif,P-1
COWSIR01.cif.cif,Cc
COXLOR.cif.cif,Pna2_1
COXLUX.cif.cif,P-1
COXMAE.cif.cif,P-1
COXMEI.cif.cif,Pna2_1
COXNAF.cif.cif,P-1
COXNEJ.cif.cif,C2
CPOEFE02.cif.cif,P2_1/c
CPRNFE.cif.cif,P-1
CUCVED.cif.cif,P-1
CUFBIR.cif.cif,P2_1/c
CUGXAD.cif.cif,P2_1/c
CUGXUX.cif.cif,P2_1/c
CUHTEH.cif.cif,P-1
CUHXAE.cif.cif,P-1
CUMKUT.cif.cif,P-1
CUMLAA.cif.cif,P-1
CURBEZ.cif.cif,P-1
CUVKIO.cif.cif,Pnna
CUVKOU.cif.cif,P2/c
CUVKUA.cif.cif,P2_1/c
CUWCOP.cif.cif,P-1
CUWDAC.cif.cif,P-1
CUYCUW.cif.cif,P-1
CUYDAD.cif.cif,P2_1/c
CUYDEH.cif.cif,P-1
CUYVAW.cif.cif,P2_1/c
CUYVEA.cif.cif,P-1
CUZNAP.cif.cif,P-1
DABWEJ.cif.cif,P2_1
DACNIF.cif.cif,P2_1/c
DAFBOC.cif.cif,P-1
DAFBUI.cif.cif,C2
DAFCAP.cif.cif,P2_1
DAFCET.cif.cif,P2_1/c
DAFCIW.cif.cif,Pbca
DAFCIX.cif.cif,P2_1/c
DAFCOD.cif.cif,P2_1/c
DAFCUJ.cif.cif,P2_1/c
DAFDEU.cif.cif,P2_1/c
DAFDIY.cif.cif,Pc
DAFXUE.cif.cif,P-1
DAGSUC.cif.cif,P2_1/c
DAHJIH.cif.cif,P2_1/c
DAHSUB.cif.cif,P2_1/c
DANVAP.cif.cif,P2_1/c
DANVET.cif.cif,P1
DANWEW.cif.cif,P2_1/c
DANYUM.cif.cif,P2_1/c
DANZAT.cif.cif,P-1
DAPCAY.cif.cif,P-1
DAQWEA.cif.cif,P-1
DASMOC.cif.cif,P-1
DATFIQ.cif.cif,P-1
DATVEZ.cif.cif,P-1
DATZED.cif.cif,P2_1/c
DAVWAB.cif.cif,P-1
DAVWEF.cif.cif,P2_1/c
DAVWIJ.cif.cif,P2_1/c
DAVWOP.cif.cif,P2_12_12_1
DAVWUV.cif.cif,P2_1/c
DAVXAC.cif.cif,P2_1/c
DAVYUX.cif.cif,P2_12_12_1
DAWDOU.cif.cif,P-1
DAYMOI.cif.cif,P-1
DECKII.cif.cif,P2_1/c
DEDZER.cif.cif,P2_1/c
DEDZIV.cif.cif,C2/c
DEGQUD.cif.cif,P2_1/c
DEGRAK.cif.cif,Pc
DEGREO.cif.cif,P1
DEGSIT.cif.cif,Pbca
DEJZOK.cif.cif,P-1
DESSEZ.cif.cif,P-1
DESTOK.cif.cif,P-1
DESXII.cif.cif,P2_1/c
DEVBUC.cif.cif,P-1
DEVCEP.cif.cif,Pca2_1
DEVPOR01.cif.cif,P-1
DEWNEY.cif.cif,P-1
DEXGIY.cif.cif,P2_1/c
DEXGOE.cif.cif,P2_1/c
DEYGOE.cif.cif,P-1
DEZBIW.cif.cif,Fdd2
DIBBAR.cif.cif,C2/c
DIBBEV10.cif.cif,P2_1/c
DICTAN.cif.cif,C2/c
DILSIA.cif.cif,P-1
DILSOG.cif.cif,P-1
DILVEC.cif.cif,C2/c
DILWAZ.cif.cif,P2/c
DIPQEB.cif.cif,P-1
DIPQIF.cif.cif,P-1
DIPXAB.cif.cif,P-1
DISRIJ.cif.cif,P2_1/c
DITDES.cif.cif,P2_12_12_1
DITKEY.cif.cif,P2_1/c
DIVBUG.cif.cif,P-1
DIVCIW.cif.cif,Pna2_1
DIVVIO.cif.cif,P-1
DIVVOU.cif.cif,P-1
DIWFAR.cif.cif,P2_12_12_1
DIXKAX.cif.cif,P2_12_12_1
DIXXEO.cif.cif,P1
DIXXIS.cif.cif,P1
DIZLEG.cif.cif,P-1
DNSPMO.cif.cif,P-1
DOBDED.cif.cif,Pna2_1
DOFXOL.cif.cif,P-1
DOHHEP.cif.cif,P-1
DOHHIT.cif.cif,P-1
DOJPAV01.cif.cif,P-1
DOJXUX.cif.cif,P2_1/c
DOJYAE.cif.cif,P2_1/c
DOJYEI.cif.cif,P2_1/c
DOKRIG.cif.cif,P-1
DOKROM.cif.cif,P-1
DOKRUS.cif.cif,P-1
DOPBAL.cif.cif,P-1
DOPBAL10.cif.cif,P-1
DOQPEH.cif.cif,P-1
DOQPUX.cif.cif,Pna2_1
DOQQAE.cif.cif,P2_1
DOQQEI.cif.cif,P-1
DOQQUY.cif.cif,P2_1
DOWCAT.cif.cif,P-1
DOWLUW.cif.cif,P2_1/c
DOWMOR.cif.cif,P-1
DTCOPM.cif.cif,P-1
DUBVAX.cif.cif,P-1
DUFNUP.cif.cif,P2_1/c
DUJKUO.cif.cif,P-1
DUKGAT.cif.cif,P2_1/c
DUQFAY.cif.cif,C2/c
DUQFEC.cif.cif,R-3
DUQMAF.cif.cif,P-1
DURLUX.cif.cif,P2_1/c
DUSTAM.cif.cif,P2_1/c
DUVSEU.cif.cif,C2/c
DUVSIY.cif.cif,P2_1/c
DUVSOE.cif.cif,P2_1/c
DUVSUK.cif.cif,P2_12_12_1
DUXROF.cif.cif,P-1
DUZKIT.cif.cif,P-1
EACWAG.cif.cif,P2_1/c
EBOMIS.cif.cif,P-1
EBOQIY.cif.cif,P1
EBOQUH.cif.cif,P-1
EBOQUK.cif.cif,P-1
EBORES.cif.cif,P-1
EBORES01.cif.cif,P-1
EBUHER.cif.cif,C2/c
EBUKAN.cif.cif,P2_1/c
EBVFPC10.cif.cif,P-1
ECADET.cif.cif,P-1
ECADIX.cif.cif,P-1
ECAFAP.cif.cif,P-1
ECALUS.cif.cif,C2/c
ECAMAZ.cif.cif,P-1
ECAMED.cif.cif,P-1
ECAREG.cif.cif,P2_1
ECIKIL.cif.cif,C2/c
ECIKOR.cif.cif,P2_1/c
ECUBAH.cif.cif,I4_1/a
ECUDUE.cif.cif,P2_1/c
ECUPOH.cif.cif,P2_1
ECUQAU.cif.cif,P1
ECUQEY.cif.cif,P2_12_12_1
ECUQIC.cif.cif,P2_12_12_1
ECURIF.cif.cif,P2_1/c
EDABUG.cif.cif,P-1
EDACER.cif.cif,Pna2_1
EDACOB.cif.cif,P2_12_12_1
EDACUH.cif.cif,C2/c
EDISUG.cif.cif,P-1
EDIVIZ.cif.cif,R-3
EDIVOF.cif.cif,R-3
EDIVUL.cif.cif,P-1
EDIWAS.cif.cif,R-3
EDIWEW.cif.cif,P-1
EDIWIA.cif.cif,P-1
EDOHAJ.cif.cif,P2_1/c
EDOHIR.cif.cif,P-1
EFAHID.cif.cif,P2_1
EFAJAW.cif.cif,P2_1/c
EFALAZ.cif.cif,P-1
EFALIH.cif.cif,P-1
EFESAM.cif.cif,P-1
EFIBED.cif.cif,P-1
EFIBIH.cif.cif,P2_1/c
EFIGUY.cif.cif,P-1
EFITIW.cif.cif,P2_1/c
EFOXUS.cif.cif,P2_1/c
EFUDAK.cif.cif,Pca2_1
EFUNIF.cif.cif,P-1
EFUNOL.cif.cif,P1
EGILOW.cif.cif,P-1
EGILUC.cif.cif,C2/c
EGIMAJ.cif.cif,P2_1/c
EGIYUR.cif.cif,P2_1/c
EHEYEW.cif.cif,P-1
EHIZAY.cif.cif,P-1
EHUJUO.cif.cif,P-1
EHUKAV.cif.cif,P-1
EJEDUV.cif.cif,P-1
EJOGAL.cif.cif,P-1
EJOXIN.cif.cif,P-1
EKETUJ.cif.cif,P2_1/c
EKEXOJ.cif.cif,P1
EMEPAQ.cif.cif,P2_1/c
EMEPEU.cif.cif,P-1
EMESIB.cif.cif,C2/c
EMETAU.cif.cif,P-1
EMIYOR.cif.cif,P2_1/c
EMIYUX.cif.cif,P2_1/c
EMOFOE.cif.cif,P-1
EMPORP10.cif.cif,P-1
ENOPAB.cif.cif,P-1
ENOPEF.cif.cif,P2_1/c
ENOPIJ.cif.cif,P-1
EPEVOL.cif.cif,P2_1/c
EPINUO.cif.cif,P-1
EPOFEW.cif.cif,P2_1/c
EPOPZN10.cif.cif,P-1
EQAHEM.cif.cif,P2_1/c
EQUFON.cif.cif,P2_1/c
EQUZAS.cif.cif,P-1
EQUZEW.cif.cif,P2_12_12_1
ERAKOY.cif.cif,P2_1/c
ERAKUE.cif.cif,P-1
ERATIA.cif.cif,P-1
ERATOG.cif.cif,P2_1/c
ERAYIF.cif.cif,P-1
ERECUZ.cif.cif,P2_1/c
EREDAG.cif.cif,P-1
EREDEK.cif.cif,P-1
EREDIO.cif.cif,P-1
EREDOU.cif.cif,P2_1/c
EREDUA.cif.cif,P2_1/c
EREFAI.cif.cif,P-1
ERESIG.cif.cif,P-1
ERIREF.cif.cif,P-1
ERODEW.cif.cif,P2_1/c
ERODIA.cif.cif,P-1
ERODOG.cif.cif,P-1
ERODUM.cif.cif,P2_1/c
EROJEC.cif.cif,P-1
EROLAB.cif.cif,P-1
ESOJED.cif.cif,P-1
ESUWAR.cif.cif,P2_1/c
ETISEI.cif.cif,C2/c
ETISIM.cif.cif,P-1
ETOVOZ.cif.cif,Pc
ETPFEC.cif.cif,P2_1
ETUKOW.cif.cif,P-1
ETUXOG.cif.cif,P-1
EVIGEX.cif.cif,P2_1
EVOWEU.cif.cif,P-1
EVOWIY.cif.cif,P2_1/c
EVOWOE.cif.cif,P2_1/c
EWAWIJ.cif.cif,P-1
EWAWOP.cif.cif,P-1
EWICIW.cif.cif,P2_1/c
EWOMAG.cif.cif,P2_1/c
EWOMEK.cif.cif,P2_1/c
EWOMIO.cif.cif,P2_1/c
EWURIZ.cif.cif,P2_1/c
EWURUL.cif.cif,P-1
EWUSAS.cif.cif,P-1
EWUTUN.cif.cif,P-1
EXACOV.cif.cif,P-1
EXAKET.cif.cif,P1
EXEPOR.cif.cif,P-1
EXODUQ.cif.cif,Pbca
EXUNUJ.cif.cif,P-1
EYIHOJ.cif.cif,P2_1/c
EYIPOS.cif.cif,C2/c
EYIPUY.cif.cif,P-1
EYIQAF.cif.cif,P2_1/c
EYUFIO.cif.cif,P-1
EYUSOI.cif.cif,P2_1/c
EYUTAV.cif.cif,P-1
EZAYOV.cif.cif,P-1
EZEPEG.cif.cif,P-1
EZETUB.cif.cif,P-1
FABKUS.cif.cif,P1
FACWEN.cif.cif,P-1
FAFROV.cif.cif,P-1
FAFRUB.cif.cif,P-1
FAFVUF.cif.cif,P2_1
FAFWAM.cif.cif,P2_1/c
FAFWEQ.cif.cif,P2_1/c
FAFWUG.cif.cif,P-1
FAGMOP.cif.cif,P-1
FAJJEG.cif.cif,P2_1/c
FAJKIK.cif.cif,P2_1/c
FAKGOO.cif.cif,P-1
FAKGUU.cif.cif,P2_1/c
FAKHIJ.cif.cif,P2_1/c
FAKHOP.cif.cif,P2_1/c
FAPCAC.cif.cif,P2_1/c
FAPCEG.cif.cif,P-1
FAQXEB.cif.cif,P2_12_12_1
FAQXUT.cif.cif,P2_1/c
FAQYOO.cif.cif,P2_1/c
FAQYUU.cif.cif,P-1
FAQZAB.cif.cif,P2/c
FARJIU.cif.cif,P-1
FASGIQ.cif.cif,P2_12_12_1
FASSIB.cif.cif,P-1
FATDUA.cif.cif,P2_1/c
FATQUP.cif.cif,P2_1/c
FATRAW.cif.cif,P-1
FATSOL.cif.cif,P-1
FATSUR.cif.cif,C2/c
FATWUS.cif.cif,P-1
FATXIH.cif.cif,P-1
FATYAA.cif.cif,P-1
FATYEE.cif.cif,P-1
FATZAE.cif.cif,P-1
FAVFAJ.cif.cif,Iba2
FAVFIR.cif.cif,P-1
FAVGUE.cif.cif,P-1
FAVTOL.cif.cif,P-1
FAVTOL01.cif.cif,P-1
FAZBUG.cif.cif,P-1
FAZCAN.cif.cif,P-1
FAZCER.cif.cif,P-1
FAZCIV.cif.cif,P-1
FEBVIR.cif.cif,P-1
FEFBUP.cif.cif,P-1
FEGBOI.cif.cif,P2_1/c
FEJCAY.cif.cif,C2/c
FEJCEC.cif.cif,Pbca
FEJMAI.cif.cif,P-1
FEKKUC.cif.cif,P2_1/c
FEKLAJ.cif.cif,P-1
FEKLEN.cif.cif,P-1
FEKWUP.cif.cif,P-1
FEMQIX.cif.cif,P-1
FEMQOD.cif.cif,P2_12_12_1
FEMQUJ.cif.cif,P2_12_12_1
FEMWID.cif.cif,P2_1/c
FEQRIF.cif.cif,P1
FEQROL.cif.cif,P-1
FERWEG.cif.cif,P-1
FERWIK.cif.cif,P-1
FESSAY.cif.cif,P2_1/c
FESSEC.cif.cif,P-1
FESSIG.cif.cif,P-1
FESSOM.cif.cif,Pbca
FESTAA.cif.cif,P-1
FETJOD.cif.cif,P2_1/c
FETJUJ.cif.cif,P2_1/c
FEWQON.cif.cif,P2_1/c
FEWXAG.cif.cif,C2/c
FEXBAL.cif.cif,P2_1/c
FEXBAL10.cif.cif,P2_1/c
FEXBEP.cif.cif,P2_1/c
FEXSIN.cif.cif,P2_12_12
FEYYOZ.cif.cif,P-1
FEZJOK.cif.cif,P-1
FEZJOK01.cif.cif,P-1
FICKAF.cif.cif,P-1
FIDHUY.cif.cif,P-1
FIGGEK.cif.cif,P-1
FIGGIO.cif.cif,P-1
FIGVUM.cif.cif,P-1
FIKPOG.cif.cif,Pbca
FILDIO.cif.cif,P2_12_12_1
FILDOU.cif.cif,P2_1
FIMHOY.cif.cif,P-1
FIMXEG.cif.cif,P-1
FIQPAW.cif.cif,P2_1/c
FIQPAW01.cif.cif,P2_1/c
FIRYOW.cif.cif,P-1
FITFOD.cif.cif,P2_1/c
FIVQUZ.cif.cif,P2_1/c
FIVRAG.cif.cif,P2_1/c
FODQEV.cif.cif,P2_1/c
FOGGEP.cif.cif,P-1
FOHYEH.cif.cif,P-1
FOHYIL.cif.cif,C2/c
FOKDER.cif.cif,P-1
FOKDIV.cif.cif,P-1
FOKDOB.cif.cif,P-1
FOKZUC.cif.cif,P2_1/c
FOLWIM.cif.cif,P2_1/c
FOLWOS.cif.cif,P2_1/c
FONZAJ.cif.cif,Pbca
FOPFOF.cif.cif,P-1
FOSTIQ.cif.cif,P-1
FOSTIQ10.cif.cif,P-1
FOTYIW.cif.cif,P2_1/c
FOTYOC.cif.cif,P2_1/c
FOVTAO.cif.cif,P-1
FOVTIW.cif.cif,P-1
FOVTOC.cif.cif,P2_1/c
FOXJEI.cif.cif,P2_12_12_1
FOXJIM.cif.cif,P2_12_12_1
FUDPUP.cif.cif,P2_1/c
FUFXIP.cif.cif,P2_1/c
FUGCIW.cif.cif,P-1
FUGCOC.cif.cif,P2_1/c
FUGCUI.cif.cif,C2/c
FUGDAP.cif.cif,P1
FUGLOK.cif.cif,P-1
FUHVUZ.cif.cif,P-1
FUHWAG.cif.cif,P2_1/c
FUHWEK.cif.cif,P-1
FULBAP.cif.cif,P2_1/c
FULXAO.cif.cif,P2_1/c
FUPCEY.cif.cif,Cc
FUPGEC.cif.cif,P1
FUQTER.cif.cif,P-1
FURPAK.cif.cif,P-1
FURPEO.cif.cif,P-1
FURPUE.cif.cif,P2_1/c
FUWGAF.cif.cif,P2_1/c
FUYPUM.cif.cif,P-1
GABSIN.cif.cif,C2/c
GACVOZ.cif.cif,P-1
GACVOZ01.cif.cif,P-1
GAFDOH.cif.cif,C2/c
GAFZET.cif.cif,P2_1
GAGLIN.cif.cif,P2_1/c
GAHLIK.cif.cif,P2_1/c
GAHLOQ.cif.cif,P2_1/c
GAHQUD.cif.cif,P2_1/c
GAJHAA.cif.cif,P2_1
GAKMEK.cif.cif,P-1
GAKWEU.cif.cif,P2_1/c
GAMBOL.cif.cif,P-1
GAMCAY.cif.cif,P-1
GAMTAP.cif.cif,P2_1/c
GAPJAI.cif.cif,P-1
GAPRUK.cif.cif,P2_1/c
GAPXAX.cif.cif,P-1
GARHUC.cif.cif,C2/c
GATDOW.cif.cif,P-1
GATNAT.cif.cif,P-1
GATZEJ.cif.cif,P-1
GATZIN.cif.cif,P2_1/c
GECGEA.cif.cif,P-1
GEDXAQ.cif.cif,P-1
GEDXEU.cif.cif,P-1
GEDXOE.cif.cif,P2_1/c
GEFCAW.cif.cif,P2_1/c
GEFHIJ.cif.cif,P-1
GEGJUZ.cif.cif,P2_1/c
GEGPOZ.cif.cif,P2_1/c
GEGPOZ01.cif.cif,P2_1/c
GEGPOZ02.cif.cif,P2_1/c
GEHXUO.cif.cif,Pc
GEJQES.cif.cif,P2_1/c
GEKCAB.cif.cif,P2_1
GEKCEF.cif.cif,P2_1
GEPBAF.cif.cif,P-1
GEPBUY.cif.cif,P-1
GEPGAJ.cif.cif,P2_1/c
GEQBOT.cif.cif,P-1
GESLIC.cif.cif,P2_12_12_1
GESLOI.cif.cif,P-1
GESLUO.cif.cif,P2_12_12_1
GESMAV.cif.cif,P-1
GESMEZ.cif.cif,P-1
GESMID.cif.cif,P2_12_12_1
GESMOJ.cif.cif,P-1
GESNAW.cif.cif,P-1
GETXAE.cif.cif,P2_1/c
GETXEI.cif.cif,P2_1/c
GEVMEC.cif.cif,P-1
GEWKOI.cif.cif,C2/c
GEWPAZ.cif.cif,P2_1/c
GEWZAL.cif.cif,P2_1/c
GIBBIC.cif.cif,P2_12_12_1
GICVUK.cif.cif,P-1
GIGWIF.cif.cif,P2_1/c
GIJYEF.cif.cif,P2_1/c
GIJYUV.cif.cif,P2_1/c
GIKZEH.cif.cif,P6_5
GILTUT.cif.cif,P-1
GILVAB.cif.cif,Pc
GILVIJ.cif.cif,P2_1/c
GIMFOA.cif.cif,P-1
GIMFUG.cif.cif,P-1
GIQZEL.cif.cif,P-1
GIQZIP.cif.cif,P2_1/c
GISHIZ.cif.cif,P2_1/c
GISHUL.cif.cif,P-1
GISJAT.cif.cif,P-1
GISJEX.cif.cif,P-1
GISLAW.cif.cif,P2_1/c
GISLAW01.cif.cif,P-1
GIXCEX.cif.cif,P2_1/c
GIXCIB.cif.cif,P-1
GIXJOM.cif.cif,P-1
GIYDOK.cif.cif,P4_1
GIYDUQ.cif.cif,P4_3
GIZTIS.cif.cif,P-1
GOBBEF.cif.cif,P2_1/c
GOBBUV.cif.cif,P-1
GOBBUV01.cif.cif,P-1
GOBCAC01.cif.cif,P-1
GOBJAK.cif.cif,P2_1/c
GOBJIQ.cif.cif,Cc
GOBNUG.cif.cif,P2_12_12_1
GOBRAQ.cif.cif,P-1
GOBREU.cif.cif,P-1
GOBRIY.cif.cif,P-1
GOBWAV.cif.cif,P2_1/c
GOBWEZ.cif.cif,P-1
GOBYAX.cif.cif,P2_1/c
GOBYAX01.cif.cif,P2_12_12_1
GOCPUM.cif.cif,P2_12_12_1
GODWUU.cif.cif,P-1
GODXAB.cif.cif,Pbca
GOFNAT.cif.cif,P-1
GOGHUF.cif.cif,P2_1
GOGPEX.cif.cif,P2_1/c
GOHCOW.cif.cif,P2_1/c
GOHDUD.cif.cif,P-1
GOHFAL.cif.cif,P-1
GOHFEP.cif.cif,P-1
GOHJAO.cif.cif,P-1
GOKHEV.cif.cif,P2_1/c
GOMHUN.cif.cif,P-1
GOMJEZ.cif.cif,P2_1/c
GONGIC.cif.cif,P-1
GONHAS.cif.cif,Pbca
GONHEW.cif.cif,C2/c
GOSWAP.cif.cif,P-1
GOTJEE.cif.cif,P-1
GOVFEF.cif.cif,P-1
GOVFEF01.cif.cif,P-1
GOVFEF02.cif.cif,P-1
GOVFEF03.cif.cif,P-1
GOVFEF04.cif.cif,P-1
GOVFEF05.cif.cif,P-1
GOWDAX.cif.cif,Cc
GOWDEB.cif.cif,P2_12_12_1
GOXDAY.cif.cif,P-1
GOZCUT.cif.cif,P2_1/c
GUBHAN.cif.cif,P2_1/c
GUDZEK.cif.cif,P-1
GUHJUR.cif.cif,P-1
GUHKAY.cif.cif,C2/c
GUHXAL.cif.cif,P1
GUJQIN.cif.cif,P2_1/c
GUJQOT.cif.cif,P-1
GUJQUZ.cif.cif,Pna2_1
GUJSUA.cif.cif,P-1
GULRIO.cif.cif,P2_1/c
GUQHOQ.cif.cif,C2/c
GURDUT.cif.cif,P-1
GUTSIY.cif.cif,P-1
GUTVAT.cif.cif,I4_1/acd
GUWLOB.cif.cif,P2_1/c
GUWPEV.cif.cif,P-1
GUWRAR.cif.cif,P-1
GUZMUJ.cif.cif,P2_1/c
GUZPUN.cif.cif,C2/c
HABSEL.cif.cif,P-1
HABZOA.cif.cif,P-1
HABZUG.cif.cif,P-1
HACFIC.cif.cif,P2_1
HACYEQ.cif.cif,P2_12_12_1
HADHED.cif.cif,P-1
HADTOW.cif.cif,P-1
HAHHEH.cif.cif,P2_1/c
HAKZIF.cif.cif,P2_1/c
HALDOR.cif.cif,P2_1/c
HALWAS.cif.cif,P-1
HALWOG.cif.cif,P2_1
HALXAT.cif.cif,P-1
HALXIB.cif.cif,P-1
HALXOH.cif.cif,P2_1/c
HAMBAY.cif.cif,P2_1
HAMBEC.cif.cif,P-1
HAMDAA.cif.cif,P-1
HAMDII.cif.cif,P-1
HAMFUW.cif.cif,P-1
HAMGUX.cif.cif,P-1
HAMHIM.cif.cif,P-1
HAMHOS.cif.cif,P2_1
HAMJAG.cif.cif,P-1
HAMKOV.cif.cif,P-1
HAMLAI.cif.cif,P-1
HAMMAJ.cif.cif,P-1
HAMMIR.cif.cif,P2_1/c
HAMQUK.cif.cif,P-1
HAQJAK.cif.cif,P2_1
HARHEN.cif.cif,P-1
HARHIR.cif.cif,P-1
HARXIJ.cif.cif,P-1
HASCUB.cif.cif,P-1
HASDAI.cif.cif,P2/c
HASDEM.cif.cif,P-1
HASDOW.cif.cif,Pbca
HAVFUF.cif.cif,P-1
HAWMOJ.cif.cif,C2
HAWMUP.cif.cif,C2
HAWNAW.cif.cif,P-1
HAXFIW.cif.cif,P2_1/c
HAZMUR.cif.cif,P-1
HAZNAY.cif.cif,P-1
HECZUK.cif.cif,P-1
HEDTIT.cif.cif,P2_1/c
HEJVUN.cif.cif,P-1
HENQAT.cif.cif,P2_1
HENQEX.cif.cif,P2_1
HENQIB.cif.cif,P2_1
HEQGIT.cif.cif,P2_12_12_1
HEQGIT01.cif.cif,P2_12_12_1
HEQGOZ.cif.cif,P-1
HEQGUF.cif.cif,P-1
HEQXAC.cif.cif,Pca2_1
HEQXEG.cif.cif,P2_1/c
HEQXIK.cif.cif,P2_1/c
HEQXOQ.cif.cif,P2_1/c
HERZIN.cif.cif,P2_12_12_1
HETDAL.cif.cif,P2_1/c
HETTEF.cif.cif,P2_1/c
HEWDAO.cif.cif,P2_1/c
HEXZEP.cif.cif,P-1
HEZHEA.cif.cif,P-1
HICGUY.cif.cif,C2/c
HICLAG.cif.cif,P2_1
HIJTIG.cif.cif,P-1
HIRNON.cif.cif,P-1
HIRVUB.cif.cif,P2_1/c
HISCUH.cif.cif,P-1
HISCUH01.cif.cif,P-1
HISDOC.cif.cif,P2_1/c
HISDUI.cif.cif,P-1
HISFIY.cif.cif,P2_1/c
HITFAT.cif.cif,P2_1/c
HITZOB.cif.cif,P4_3
HITZUH.cif.cif,P4_3
HIVGEY.cif.cif,P2_1/c
HIWBAS.cif.cif,P1
HIWFIC.cif.cif,P2_12_12_1
HIWMAB.cif.cif,Cc
HIWMEF.cif.cif,Pca2_1
HIWMOR.cif.cif,P2_1/c
HIXTUG.cif.cif,P-1
HIYLEI.cif.cif,P2/c
HIZCEA.cif.cif,P2_1/c
HIZFAX.cif.cif,P-1
HOBGEK.cif.cif,P2_12_12_1
HOBGIO.cif.cif,P2_1/c
HOCMOB.cif.cif,P-1
HOCRAT.cif.cif,Pc
HOFNUO.cif.cif,P-1
HOGRIH.cif.cif,P-1
HOGRON.cif.cif,P2_1/c
HOGRUT.cif.cif,P-1
HOHKOF.cif.cif,P-1
HOHZAG.cif.cif,P2_1/c
HOHZEK.cif.cif,P2_1/c
HOHZIO.cif.cif,P-1
HOKQAZ.cif.cif,P2_1/c
HOKQED.cif.cif,Cc
HOLDAN.cif.cif,P-1
HOLDER.cif.cif,P-1
HOLDIV.cif.cif,P2_1/c
HOMGEX.cif.cif,P2/c
HONVOX.cif.cif,P2_1/c
HOPSEN.cif.cif,P2_1/c
HORLEG.cif.cif,P2_1/c
HORLIK.cif.cif,P-1
HOSBUO.cif.cif,P2_1/c
HOXNUG.cif.cif,P2_1/c
HOXPOZ.cif.cif,P-1
HOYFEJ.cif.cif,P2_1/c
HOZKAJ.cif.cif,P-1
HOZKEN.cif.cif,C2/c
HPPHPN10.cif.cif,P2_1/c
HUBZAG.cif.cif,Aea2
HUCNAU.cif.cif,P2_12_12_1
HUGXIT.cif.cif,P2_12_12_1
HUJVIT.cif.cif,P2_1/c
HUJWUF.cif.cif,Pbca
HUKVOY.cif.cif,P3_2
HUMWAO.cif.cif,P-1
HUMWES.cif.cif,P-1
HUNRAK.cif.cif,P2_1/c
HUPDEB.cif.cif,C2/c
HUPDUR.cif.cif,P-1
HUPFAZ.cif.cif,P-1
HUPFED.cif.cif,P2_1/c
HUPZAU.cif.cif,P2/c
HUPZEY.cif.cif,P2/c
HUQHAC.cif.cif,P-1
HUQHEG.cif.cif,P-1
HUTMIS.cif.cif,P-1
HUTMOY.cif.cif,P2_1/c
HUWSEZ.cif.cif,P2_1/c
HUWSOJ.cif.cif,P2_1/c
HUWSUP.cif.cif,P-1
HUWTAW.cif.cif,P2_1/c
HUWTEA.cif.cif,P2_1/c
HUXSIC.cif.cif,P2_1/c
IBIVUK.cif.cif,P2_1
IBIWAR.cif.cif,P2_1/c
IBIZAV.cif.cif,Pbca
ICIBEC.cif.cif,P-1
ICIBOM.cif.cif,P-1
ICIYEY.cif.cif,P-1
ICIYIC.cif.cif,P-1
ICOGAI.cif.cif,P1
ICOHOZ.cif.cif,P-1
ICOHUD.cif.cif,P2_1/c
ICOHUF.cif.cif,P2_1/c
IDAKEG.cif.cif,P-1
IDAKIK.cif.cif,P-1
IDATUG.cif.cif,P-1
IDORUP.cif.cif,P-1
IDUQOQ.cif.cif,P-1
IFABAT.cif.cif,P-1
IFASEQ.cif.cif,P2_1/c
IFASIU.cif.cif,P2_1/c
IFAYEU.cif.cif,P-1
IFAYIY.cif.cif,P-1
IFEBUT.cif.cif,P-1
IFEDAB.cif.cif,C2
IFEYOH.cif.cif,P1
IGIZOO.cif.cif,P2_12_12_1
IGUQIM.cif.cif,C2
IHOBEO.cif.cif,P2_1/c
IJAJEK.cif.cif,P2_1/c
IJONIF.cif.cif,P-1
IJONUR.cif.cif,P-1
IJOSUX.cif.cif,P2_1/c
IJUDEW.cif.cif,P-1
IJURAI.cif.cif,P-1
IKACAA.cif.cif,P-1
IKACEE.cif.cif,P-1
IKAZUP.cif.cif,P-1
IKEBEF.cif.cif,P2_1/c
IKEBIJ.cif.cif,P-1
IKOSEG.cif.cif,P2_1/c
ILADIL.cif.cif,P-1
ILOZEP.cif.cif,P-1
ILOZIT.cif.cif,P-1
ILOZOZ.cif.cif,C2/c
ILOZUF.cif.cif,C2/c
IMAGAH.cif.cif,P1
IMAQAP.cif.cif,Fdd2
IMEDOU.cif.cif,P2_1/c
IMELAN.cif.cif,P-1
IMELIV.cif.cif,P2_12_12_1
IMOQUW.cif.cif,C2/c
IMORAD.cif.cif,C2/c
IMPPFE.cif.cif,P2_1/c
IMTPCO.cif.cif,P2_1/c
INIBAL.cif.cif,P2_1/c
INOVAK.cif.cif,P2_1/c
INUNUA.cif.cif,P-1
INUWOD.cif.cif,P2_1/c
IPOZOC.cif.cif,P2_1/c
IQEKUK.cif.cif,P-1
IQEQED.cif.cif,P2_1/c
IQOZET.cif.cif,Pc
IQOZET01.cif.cif,Pc
IRAFEN.cif.cif,C2/c
IREFAM.cif.cif,P-1
IREFEQ.cif.cif,Cc
IREYOW.cif.cif,P2_1
IRINIH.cif.cif,P2_1/c
IRINON.cif.cif,P-1
IRINUT.cif.cif,P-1
ISAPOK.cif.cif,Cc
ISAPUQ.cif.cif,P2_1/c
ISAQAX.cif.cif,P2_12_12_1
ISAWAD.cif.cif,P2_1/c
ISIMUS.cif.cif,P-1
ISITAH.cif.cif,P-1
ISOKAC.cif.cif,P2_1/c
ISOKEG.cif.cif,P2_1/c
ISOKIK.cif.cif,P2_1/c
ISULOY.cif.cif,Pca2_1
ISULOY01.cif.cif,Pbca
ISUWUP.cif.cif,P-1
ITEDUH.cif.cif,P2_1/c
ITEXUB01.cif.cif,Cc
ITITOV.cif.cif,P-1
ITIVOZ.cif.cif,C2/c
ITIVUF.cif.cif,I4_1/a
ITIWAM.cif.cif,C2/c
ITIWEQ.cif.cif,P-1
ITIWIU.cif.cif,P-1
ITOVIY.cif.cif,P2_1/c
ITUFAG.cif.cif,C2/c
IVUTOJ.cif.cif,P-1
IWIDEX01.cif.cif,P-1
IWIDEX02.cif.cif,P-1
IWIRUD.cif.cif,P-1
IWISAK.cif.cif,P-1
IWISEO.cif.cif,P-1
IWOHEI.cif.cif,P-1
IWUYII.cif.cif,P2_1/c
IXAYOX.cif.cif,P-1
IXEMIK.cif.cif,P2_1/c
IYAYUF.cif.cif,P2_1/c
IYAZAM.cif.cif,Cc
IYESAG.cif.cif,P1
IYESOW.cif.cif,C2/c
IYEWEP.cif.cif,P-1
IZABOA.cif.cif,P-1
IZAFIZ.cif.cif,P-1
IZEHUR.cif.cif,P-1
IZEJAZ.cif.cif,P-1
JAFXAP.cif.cif,P-1
JAGKEI.cif.cif,P-1
JAJNUG.cif.cif,P-1
JAJPAO.cif.cif,P-1
JAJXEA.cif.cif,C2
JANZON.cif.cif,P-1
JANZUT.cif.cif,P-1
JAQRID.cif.cif,P2_1/c
JAQROJ.cif.cif,P2_1/c
JAQRUP.cif.cif,P2_1/c
JASQEA.cif.cif,P-1
JAVJIC.cif.cif,C2/c
JAWKOI.cif.cif,C2/c
JAWTAF.cif.cif,P-1
JAWTEJ.cif.cif,P-1
JAWTIN.cif.cif,P-1
JEDSAM.cif.cif,P-1
JEGMAK.cif.cif,P2_12_12_1
JEGMEO.cif.cif,P-1
JEKCEK.cif.cif,P-1
JELMIW.cif.cif,P2_1/c
JEMFOZ.cif.cif,P-1
JENBEM.cif.cif,Fdd2
JENBOW.cif.cif,C2/c
JENBOW01.cif.cif,C2/c
JENCAJ.cif.cif,C2/c
JESREF.cif.cif,P-1
JESYIP.cif.cif,P2_1/c
JEYZUI.cif.cif,P2_1/c
JEZVOZ.cif.cif,C2/c
JICNIS.cif.cif,P-1
JIRSIM.cif.cif,P-1
JITFUN.cif.cif,P2_1/c
JIWBUP.cif.cif,P2_1
JIXCOJ.cif.cif,P2_1/c
JIXNAF.cif.cif,P-1
JIXRIR.cif.cif,C2/c
JIYWOG.cif.cif,P-1
JOCHOZ.cif.cif,P2_1
JOCRUP.cif.cif,P2_1/c
JOCSEA.cif.cif,P2_1/c
JODYEI.cif.cif,P-1
JOGDAM.cif.cif,P-1
JOGDEQ.cif.cif,P-1
JOGDIS.cif.cif,P2_1/c
JOGSAC.cif.cif,P2_1/c
JOJKOI.cif.cif,Iba2
JOJQEG.cif.cif,Pbca
JOKRUZ.cif.cif,P2_1
JOLKAY.cif.cif,P-1
JOLKEC.cif.cif,P-1
JOTBOJ.cif.cif,P2_1
JOVRIV.cif.cif,C2/c
JOVRIV10.cif.cif,C2/c
JOVROB.cif.cif,P-1
JOVRUH.cif.cif,P-1
JOYGEM.cif.cif,P-1
JOYGIQ.cif.cif,Fddd
JOZBOS.cif.cif,P2_1/c
JUFSAG.cif.cif,C2/c
JUNHIL.cif.cif,P-1
JUPWIA.cif.cif,P-1
JUQMIR.cif.cif,P-1
JUQMOX.cif.cif,I4_1/a
JUQPES.cif.cif,P-1
JURYIE.cif.cif,P2_1/c
JUVXAB.cif.cif,P-1
JUZQAY.cif.cif,P2_1/c
JUZQEC.cif.cif,P-1
JUZQIG.cif.cif,P-1
JUZSUS.cif.cif,P2_1/c
KACVOB.cif.cif,P2_1/c
KACWER.cif.cif,P2_1/c
KADLOS.cif.cif,P2_1/c
KADXEU.cif.cif,P-1
KAFJEG.cif.cif,P2_1/c
KAFJUW.cif.cif,P1
KAFVET.cif.cif,Pbca
KAHCIH.cif.cif,C2/c
KAHZIG.cif.cif,P-1
KAHZIG01.cif.cif,P-1
KAHZIG02.cif.cif,P-1
KAHZIG03.cif.cif,P-1
KAHZIG04.cif.cif,P-1
KAHZIG05.cif.cif,P-1
KAHZIG06.cif.cif,P-1
KAJFOT.cif.cif,P-1
KAJWUR.cif.cif,P-1
KAKCEG.cif.cif,P2_1/c
KAKXIE.cif.cif,P1
KAKXOK.cif.cif,P2_1/c
KAKYAX.cif.cif,P2_12_12_1
KAMWIF.cif.cif,P1
KANYUT.cif.cif,P2_1/c
KAPDAH.cif.cif,P2_12_12_1
KARZUB.cif.cif,C2/c
KASBAK.cif.cif,P-1
KAXVEN.cif.cif,Pca2_1
KAXVIR.cif.cif,Pna2_1
KAXVOX.cif.cif,P2_1/c
KAXVUD.cif.cif,Pccn
KAXWAK.cif.cif,P-1
KAXWEO.cif.cif,P-1
KAXWIS.cif.cif,C2/c
KAXZOB.cif.cif,P-1
KAYVEL.cif.cif,P-1
KEBMIN.cif.cif,P2_1/c
KECJOU.cif.cif,Pca2_1
KECJUA.cif.cif,P2/c
KEDGAC.cif.cif,P2_1/c
KEDGEG.cif.cif,P2_1/c
KEDGIK.cif.cif,C2/c
KEFFOQ.cif.cif,P2_1/c
KEHVAW.cif.cif,P2_1/c
KEKMUJ.cif.cif,P-1
KEKNAQ.cif.cif,P3_1
KEMTIH.cif.cif,P2/c
KEMVAB.cif.cif,P-1
KEVDAT.cif.cif,C2/c
KEVPOQ.cif.cif,P-1
KEVQAD.cif.cif,P-1
KEVQAD01.cif.cif,P-1
KEVQEH.cif.cif,C2/c
KEWJUR.cif.cif,C2/c
KEYQUA.cif.cif,P-1
KEYREL.cif.cif,P-1
KIBLIQ.cif.cif,P-1
KIBMAJ.cif.cif,P4_3
KIBMEN.cif.cif,P-1
KIBPEQ.cif.cif,C2/c
KIBPEQ01.cif.cif,P2_1/c
KIBQOE.cif.cif,P-1
KIFVIG.cif.cif,P-1
KIFVOM.cif.cif,P-1
KIFVUS.cif.cif,P-1
KIFWAZ.cif.cif,P-1
KIGHOX.cif.cif,P-1
KIGJER.cif.cif,P2_1/c
KIGJIV.cif.cif,P2_1/c
KIKGAZ.cif.cif,P-1
KIKGOA.cif.cif,P2_1/c
KIMFUH.cif.cif,P-1
KIMGAO.cif.cif,P2_1/c
KINMUP.cif.cif,P2_1/c
KINXOX.cif.cif,P2_1/c
KIPWOX.cif.cif,P1
KIPWUD.cif.cif,P1
KIPXAK.cif.cif,P1
KIPXEO.cif.cif,P1
KIVZIB.cif.cif,P1
KIZHOS.cif.cif,P-1
KIZJUB.cif.cif,P2_1/c
KIZKAI.cif.cif,P-1
KIZSES.cif.cif,P-1
KIZSIW.cif.cif,P-1
KIZSOC.cif.cif,P-1
KIZTAP.cif.cif,P-1
KIZTES.cif.cif,C2/c
KIZTET.cif.cif,P-1
KIZTIX.cif.cif,P-1
KIZTOD.cif.cif,P-1
KOBZEI.cif.cif,C2
KOBZIM.cif.cif,C2
KOBZOS.cif.cif,C2
KOGKEX.cif.cif,P-1
KOGKIB.cif.cif,P-1
KOGQUT.cif.cif,P2_1
KOJGUO.cif.cif,P-1
KOJREG.cif.cif,P2_1/c
KOLWOA.cif.cif,P-1
KOLXAN.cif.cif,P2_1/c
KOLXIV.cif.cif,P2_1/c
KOLXOB.cif.cif,C2/c
KOLXUH.cif.cif,P-1
KONRIO.cif.cif,P2_1/c
KORGIH.cif.cif,P2_1/c
KOSJUA.cif.cif,P2_1/c
KOTMEO.cif.cif,P-1
KOTPUE.cif.cif,P-1
KOWDOR.cif.cif,P1
KOXRUM.cif.cif,P-1
KOXSAT.cif.cif,P-1
KOXSIB.cif.cif,P2_1/c
KUDLEB.cif.cif,P-1
KUFCAS.cif.cif,P-1
KUFCEW.cif.cif,P4_3
KUFKOL.cif.cif,P-1
KUGFID.cif.cif,P-1
KUJWUH.cif.cif,P2_1/c
KUKVAQ.cif.cif,P-1
KUKWUL.cif.cif,C2/c
KUKXAS.cif.cif,P-1
KULWOD.cif.cif,P2_1/c
KULWUJ.cif.cif,P2_1/c
KUWWAB.cif.cif,P2_1/c
KUWWAB01.cif.cif,Pbca
KUXYEJ.cif.cif,P1
KUYDIT.cif.cif,P-1
KUZZIO.cif.cif,P-1
KUZZOU.cif.cif,P-1
LACVIV.cif.cif,P-1
LACVOA.cif.cif,P2_1/c
LACVOC.cif.cif,P2_1
LADGOM.cif.cif,P-1
LAHPAL.cif.cif,Pna2_1
LAHTET.cif.cif,P-1
LAHTIX.cif.cif,P-1
LAHTOD.cif.cif,P-1
LAJXEZ.cif.cif,P-1
LAKDIN.cif.cif,P2_1/c
LAKGAJ.cif.cif,P-1
LAKGEN.cif.cif,P2_1/c
LAKGIR.cif.cif,P2_1/c
LALROF.cif.cif,P-1
LANRUO.cif.cif,P1
LANTOK.cif.cif,Pna2_1
LANTUQ.cif.cif,C2/c
LANYIL.cif.cif,P2_1/c
LAPBOU.cif.cif,P4_2
LAPROJ.cif.cif,R-3
LAQNIA.cif.cif,P2_12_12_1
LAQNOG.cif.cif,P2_1/c
LARKEV.cif.cif,P2_1/c
LARNID.cif.cif,P-1
LARYIM.cif.cif,P-1
LASMOK.cif.cif,P2_1/c
LAXBER.cif.cif,P-1
LAXCES.cif.cif,P-1
LAXCIW.cif.cif,P2_1/c
LAXCOC.cif.cif,Pbca
LAXDAP.cif.cif,P-1
LAXDET.cif.cif,P-1
LAXDIX.cif.cif,P-1
LEBDUU.cif.cif,P-1
LEBMUD.cif.cif,P-42_1c
LEBNAK.cif.cif,P-42_1c
LEBNEO.cif.cif,P-42_1c
LEBNIS.cif.cif,P-42_1c
LEBNOY.cif.cif,P-42_1c
LEBNUE.cif.cif,P-42_1c
LEBPAM.cif.cif,P-42_1c
LEBROC.cif.cif,P-1
LECTES.cif.cif,P-1
LEDKIP.cif.cif,P2_1/c
LEFWOJ.cif.cif,P-1
LEHPEW.cif.cif,C2
LEHSOI.cif.cif,P2_1/c
LELDUC.cif.cif,P2_1/c
LEMBIR.cif.cif,P-1
LERNUU.cif.cif,P4_1
LERPAC.cif.cif,P2_1/c
LERPEG.cif.cif,P2_12_12_1
LERPIK.cif.cif,C2/c
LERPOQ.cif.cif,Pbca
LERPUW.cif.cif,C2/c
LERQAD.cif.cif,I4_1/a
LESGIA.cif.cif,P-1
LESXOZ.cif.cif,P2_1/c
LEVFEX.cif.cif,P-1
LEVFIB.cif.cif,P-1
LEVHOK.cif.cif,P2_1/c
LEVQAE.cif.cif,P2_1/c
LEVQEI.cif.cif,P2_1/c
LEXDAV.cif.cif,P1
LEXYOC.cif.cif,P-1
LEXYUI.cif.cif,P2_1/c
LEYFOK.cif.cif,P2_1/c
LEYFUQ.cif.cif,P2_1/c
LEYPEK.cif.cif,P2_1/c
LEYQAH.cif.cif,P-1
LEZKOQ.cif.cif,P-1
LEZLAD.cif.cif,P2_1/c
LEZSOY.cif.cif,P-1
LIBBON.cif.cif,P2_1/c
LIBBUT.cif.cif,P2_1/c
LIBCAA.cif.cif,P-1
LIBCEE.cif.cif,P-1
LIBNIW.cif.cif,P2_1/c
LIDTIB.cif.cif,P-1
LIDTOH.cif.cif,P2_1/c
LIDTUN.cif.cif,P2_1
LIHMAR.cif.cif,Pca2_1
LIHYAD.cif.cif,P-1
LIHYEH.cif.cif,P2_1/c
LIJBUB.cif.cif,P-1
LIJCEM.cif.cif,P-1
LIJDUE.cif.cif,P-1
LIKBEO.cif.cif,P2_1/c
LIKBOY.cif.cif,P-1
LIMDAO.cif.cif,C2/c
LIMDES.cif.cif,C2/c
LIMDIW.cif.cif,C2/c
LIMDOC.cif.cif,C2/c
LIMGIX.cif.cif,P2_1/c
LIMTUZ.cif.cif,P2_1/c
LIMVEL.cif.cif,P-1
LIMVIP.cif.cif,P2_1/c
LINVOW.cif.cif,P-1
LIQDIY.cif.cif,P2_1/c
LIQDUK.cif.cif,P2_1/c
LIQFEW.cif.cif,P-1
LIQFIA.cif.cif,P-1
LIQHUQ.cif.cif,P2_1
LIQRUY.cif.cif,P2_1/c
LIQSAF.cif.cif,P-1
LIQSEJ.cif.cif,P-1
LIRFOJ.cif.cif,P-1
LIRFUP.cif.cif,P2_1/c
LIRGAW.cif.cif,P-1
LIRGEA.cif.cif,P2_1/c
LIRGIE.cif.cif,P-1
LIRGOK.cif.cif,P2_1/c
LIRSIO.cif.cif,P2_12_12_1
LISTEM.cif.cif,C2/c
LIWXAQ.cif.cif,P-1
LIYCEC.cif.cif,C2/c
LIYDEC.cif.cif,P2_1/c
LIYDIG.cif.cif,P-1
LIYDOM.cif.cif,P-1
LIYDUS.cif.cif,P2_1/c
LIYFAA.cif.cif,P2_1/c
LIYFOO.cif.cif,P-1
LIZQIX.cif.cif,P-1
LIZSIX.cif.cif,P-1
LODPUP.cif.cif,P2_1/c
LODQAW.cif.cif,P-1
LODQEB.cif.cif,P2_1
LODQIE.cif.cif,P2_1/c
LODQIF.cif.cif,P2_1
LODQOL.cif.cif,P-1
LODRAX.cif.cif,P-1
LODSAY.cif.cif,P-1
LODSEC.cif.cif,P-1
LODSIG.cif.cif,P-1
LOGXIO.cif.cif,P-1
LOJKAW.cif.cif,P-1
LOJKEA.cif.cif,P2_1/c
LOKNAC.cif.cif,P2_1/c
LOLPOR.cif.cif,P-1
LOLREM.cif.cif,P-1
LOLRIQ.cif.cif,P-1
LOLROW.cif.cif,P-1
LOLZUK.cif.cif,P-1
LOMLAA.cif.cif,P-1
LOMLEE.cif.cif,C2/c
LONCOJ.cif.cif,C2/c
LONCUP.cif.cif,C2/c
LONWAP.cif.cif,P-1
LONWET.cif.cif,P-1
LOPCAW.cif.cif,P-1
LOPCEA.cif.cif,P-1
LOPFIH.cif.cif,P-1
LOPFON.cif.cif,P-1
LOPGAA.cif.cif,C2/c
LOSGAB.cif.cif,P-1
LUBNAX.cif.cif,P-1
LUCCEU.cif.cif,P-1
LUCCIY.cif.cif,P-1
LUDWOY.cif.cif,P-1
LUJJUX.cif.cif,P2_1/c
LUJKAE.cif.cif,P2_1/c
LUJKEI.cif.cif,P-1
LULFAC.cif.cif,P-1
LUMRAO.cif.cif,P2_1/c
LUMRES.cif.cif,P-1
LUPSUM.cif.cif,Pbca
LUPVIE.cif.cif,I-4
LUPVOI.cif.cif,P2_1/c
LUPVUO.cif.cif,P2_1/c
LUPWAV.cif.cif,P2_1/c
LUPWEZ.cif.cif,P2_1/c
LURFIN.cif.cif,P2_1
LURGAG.cif.cif,P2_12_12_1
LURKAL.cif.cif,P-1
LURREW.cif.cif,P-1
LUTQAV.cif.cif,P-1
LUTQEZ.cif.cif,C2/c
LUTQID.cif.cif,P2_12_12_1
LUTQOJ.cif.cif,P-1
LUTSAX.cif.cif,P2_1/c
LUTSEB.cif.cif,P2_12_12_1
LUTXON.cif.cif,P-1
LUTXUT.cif.cif,P-1
LUTYII.cif.cif,P-1
LUTYOO.cif.cif,P-1
LUWHUG.cif.cif,P2_1/c
LUWJAO.cif.cif,R-3
LUZXIN.cif.cif,P2_1/c
LUZXOT.cif.cif,P2_1/c
LUZYAG.cif.cif,P-1
LUZYEK.cif.cif,P2_1/c
MABDAY.cif.cif,P1
MACGED.cif.cif,P2_1/c
MADYID.cif.cif,P-1
MAFJIP.cif.cif,P-1
MAFJOV.cif.cif,P2_1/c
MAFJUB.cif.cif,P-1
MAFKAI.cif.cif,P2_1/c
MAFWOI.cif.cif,P-1
MAFWUO.cif.cif,P2_1/c
MAFXAV.cif.cif,P2_1/c
MAFXEZ.cif.cif,P2_1/c
MAHXAU.cif.cif,P2_12_12_1
MAJMOD.cif.cif,P-1
MAJVAW.cif.cif,P2_1/c
MAJVEA.cif.cif,P2_1/c
MAMLUH.cif.cif,P2_1/c
MANHOZ.cif.cif,P-1
MANHUF.cif.cif,P2_1/c
MANJAN.cif.cif,P-1
MAPSEC.cif.cif,P-1
MAQJUJ.cif.cif,P-1
MARGEU.cif.cif,P-1
MARGIY.cif.cif,P2_1/c
MARPUR.cif.cif,P2_1/c
MATHUN.cif.cif,P-1
MAVQIL.cif.cif,C2/c
MAVQOR.cif.cif,P-1
MAVQUX.cif.cif,P-1
MAXGIE.cif.cif,P-1
MAYLOO.cif.cif,P2_1/c
MAYLUU.cif.cif,P2_1/c
MAZVAK.cif.cif,P-1
MEBJIO.cif.cif,Pca2_1
MEDQUJ.cif.cif,P3_1
MEDVAT.cif.cif,P2_1/c
MEFKEP.cif.cif,P-1
MEFWAX.cif.cif,P-1
MEFWAX04.cif.cif,P-1
MEGGAI.cif.cif,C2/c
MEHHAK.cif.cif,P-1
MEKTOL.cif.cif,P2_1/c
MEPKOI.cif.cif,P2_1/c
MERPOP.cif.cif,P-1
MESHOI.cif.cif,P2_1/c
MESKEA.cif.cif,P2_1/c
MESPME.cif.cif,P-1
MESPME01.cif.cif,P-1
METPHN.cif.cif,P-1
MEVLEE.cif.cif,P-1
MEZFOP.cif.cif,P2_1/c
MEZFUV.cif.cif,P2_1/c
MICSOI.cif.cif,P2_1/c
MIGGUH.cif.cif,P1
MIGNIZ.cif.cif,P-1
MIGVAB.cif.cif,P-1
MIJLOI.cif.cif,P2_1/c
MIKNEA.cif.cif,P2_1/c
MIKNIE.cif.cif,P2_1/c
MINPOR10.cif.cif,P2_1/c
MIPROF.cif.cif,P2_1/c
MIPRUA.cif.cif,P-1
MIPSAH.cif.cif,P-1
MIQDUL.cif.cif,P2_1/c
MIYZUP.cif.cif,P-1
MNTPPI10.cif.cif,P2_1/c
MOBVII.cif.cif,P-1
MOCSUS.cif.cif,P-1
MOKHEB.cif.cif,P2_1/c
MOKHIF.cif.cif,P2_1/c
MOKHOL.cif.cif,P-1
MOKNEF.cif.cif,P-1
MOKPUZ.cif.cif,P2_1/c
MOLDUN.cif.cif,P-1
MOLFAV.cif.cif,P-1
MORBEC.cif.cif,P2_1/c
MORZIE.cif.cif,P2_1/c
MOSGAC.cif.cif,P-1
MOSQEQ.cif.cif,P2_12_12_1
MOSRAN.cif.cif,P2_1
MOWNUK.cif.cif,P-1
MOWPAS.cif.cif,P2_1/c
MOWPEW.cif.cif,P-1
MOWPOG.cif.cif,P-1
MOWQIB.cif.cif,P2_1/c
MOWRAU.cif.cif,C2/c
MOWXEE.cif.cif,P2_1/c
MOZSEA.cif.cif,P2_1/c
MPORFE10.cif.cif,P2_1/c
MTPPTL.cif.cif,P2_1/c
MUBYAM.cif.cif,P2_1/c
MUGGOM.cif.cif,P-1
MUGLAE.cif.cif,P2_1/c
MUGLIM.cif.cif,P2_1/c
MUGNAF.cif.cif,P2_1/c
MUGNEJ.cif.cif,P2_1/c
MUHDIF.cif.cif,P2_1/c
MUHDOL.cif.cif,C2/c
MUHJOP.cif.cif,P2_1/c
MUHKAC.cif.cif,P2_1/c
MUJDAZ.cif.cif,P-1
MUJRIS.cif.cif,P2_1/c
MUJRIS02.cif.cif,P2_1/c
MUJRIS03.cif.cif,P2_1/c
MULVUK.cif.cif,C2/c
MULYID.cif.cif,P2_1/c
MUNJOU.cif.cif,P2_1
MUNJUA.cif.cif,P2_1
MUNKAH.cif.cif,P2_1
MUNKEL.cif.cif,P-1
MUNQUJ.cif.cif,P2_1/c
MUQTOJ.cif.cif,P2_1/c
MUQTUQ.cif.cif,P-1
MUSDOW.cif.cif,P2_1/c
MUYFOE.cif.cif,P-1
MUZBAM.cif.cif,P-1
MUZWOW.cif.cif,C2/c
MUZWUC.cif.cif,P2_1/c
MUZXAJ.cif.cif,P2_1/c
NACRAL.cif.cif,P2_1/c
NACREP.cif.cif,C2/c
NACROZ.cif.cif,P2_1/c
NACTUG.cif.cif,P2_1
NACXEW.cif.cif,P2_12_12_1
NACXIA.cif.cif,P2_1/c
NACXOG.cif.cif,Pbca
NADKOS.cif.cif,P-1
NADKUY.cif.cif,P-1
NAFNEQ.cif.cif,Cc
NAFNUG.cif.cif,P1
NAFQUJ.cif.cif,P-1
NAFVOF.cif.cif,P2_1/c
NAFWOK.cif.cif,P-1
NAGPER.cif.cif,P-1
NAGPIV.cif.cif,P2_1/c
NAGPOB.cif.cif,P-1
NAGZEA.cif.cif,C2/c
NAHBEF.cif.cif,C2/c
NAJDIO.cif.cif,P2_1/c
NAJPOH.cif.cif,P2_1/c
NAKLET.cif.cif,P2_1/c
NALFIR.cif.cif,P-1
NALFOW.cif.cif,P-1
NALZAD.cif.cif,P-1
NANZEK.cif.cif,P-1
NANZIO.cif.cif,P2_12_12_1
NAPFAN.cif.cif,P-1
NAPFIV.cif.cif,P-1
NAPHOD.cif.cif,P-1
NAPJAR.cif.cif,P-1
NAPJIZ.cif.cif,P2_1/c
NAPJOF.cif.cif,P2_1/c
NAPLAT.cif.cif,P-1
NARDOA.cif.cif,P2_1/c
NARDUG.cif.cif,P-1
NARFAO.cif.cif,P-1
NAWGEX.cif.cif,P2_1/c
NAWYOZ.cif.cif,P4_122
NAYJIG.cif.cif,P2_1
NAZGIF.cif.cif,P-1
NAZGOL.cif.cif,P-1
NBPOAC10.cif.cif,P-1
NDPERY.cif.cif,P-1
NECWEX.cif.cif,P-1
NECWIB.cif.cif,P-1
NECYEZ.cif.cif,Cc
NECYEZ01.cif.cif,C2/c
NECYID.cif.cif,P2_1/c
NEDCOO.cif.cif,P2_1
NEDJOX.cif.cif,P-1
NEFREY.cif.cif,P2_1/c
NEFTUN.cif.cif,P2_1/c
NEFTUN01.cif.cif,P2_1/c
NEFVAV.cif.cif,P2_1/c
NEFVAV01.cif.cif,P2_1/c
NEGPOH.cif.cif,P-1
NEGQAU.cif.cif,P2_1/c
NEGQEY.cif.cif,P-1
NEGSEZ.cif.cif,P-1
NEGSID.cif.cif,P2_1/c
NEKQIG.cif.cif,P2_1/c
NEKQOM.cif.cif,C2/c
NEKVUX.cif.cif,P-1
NEMXOT.cif.cif,P-1
NEMXUZ.cif.cif,C2/c
NENGIZ.cif.cif,P-1
NENGOF.cif.cif,P-1
NENGUL.cif.cif,P-1
NENHAS.cif.cif,P-1
NENHEW.cif.cif,P-1
NEPWAG.cif.cif,P2_1/c
NERSAG.cif.cif,P2_1/c
NERWIQ.cif.cif,P2_1/c
NERWOW.cif.cif,P2_1/c
NESHOI.cif.cif,P2_1/c
NESHUO.cif.cif,P2_1/c
NESJAW.cif.cif,P-1
NEVHOO.cif.cif,P-1
NEXSOY.cif.cif,Pbca
NEYCAV.cif.cif,P-1
NEYCAV01.cif.cif,P-1
NEYWOG.cif.cif,P2_1/c
NEYWUM.cif.cif,P2_12_12_1
NEZYUO.cif.cif,P-1
NEZZAV.cif.cif,P2_1/c
NIBGAJ.cif.cif,P-1
NIBNUH.cif.cif,P2_1/c
NICKUG.cif.cif,P-1
NICKUG01.cif.cif,P2_1/c
NICKUG04.cif.cif,P-1
NICKUG05.cif.cif,P-1
NICKUG06.cif.cif,P-1
NICKUG07.cif.cif,P-1
NICKUG08.cif.cif,P-1
NICKUG09.cif.cif,P-1
NICKUG10.cif.cif,P-1
NICKUG11.cif.cif,P-1
NICKUG12.cif.cif,P-1
NICKUG13.cif.cif,P2_1/c
NICKUG14.cif.cif,P2_1/c
NICKUG15.cif.cif,P2_1/c
NICPAR.cif.cif,P-1
NICPEV.cif.cif,P-1
NICWIF.cif.cif,P2_1/c
NIDPIA.cif.cif,P2_1/c
NIDPUM.cif.cif,P2_1/c
NIDQAT.cif.cif,P2_1/c
NIFSUR.cif.cif,P-1
NIFTAY.cif.cif,P-1
NIHXIM.cif.cif,P2_1/c
NIKFIZ.cif.cif,P-1
NIKNEA.cif.cif,P-1
NIKNIE.cif.cif,P-1
NIKPEC.cif.cif,P2_1/c
NILGEV.cif.cif,P-1
NILGOF.cif.cif,P-1
NIMHAU.cif.cif,Cc
NINVIP01.cif.cif,P-1
NIPNEG.cif.cif,P-1
NIPORF.cif.cif,P-1
NIPXOZ.cif.cif,P-1
NIQHEB.cif.cif,P-1
NIQJOM.cif.cif,P2_1/c
NITNUZ.cif.cif,P2_1/c
NIVDUU.cif.cif,P2_1/c
NIVDUU01.cif.cif,P2_1/c
NIVDUU02.cif.cif,P2_1/c
NIYLUF.cif.cif,P-1
NIZJAK.cif.cif,P2_1
NIZZUS.cif.cif,P2_1/c
NOCVIK.cif.cif,P2_1/c
NOCVUW.cif.cif,P2_1/c
NOCWAD.cif.cif,P2_1/c
NOCWEH.cif.cif,P2_1/c
NOCWIL.cif.cif,P2_1/c
NOGWEN.cif.cif,P-1
NOGWIR.cif.cif,P1
NOGWOX.cif.cif,P2_1/c
NOHQEG.cif.cif,P1
NOHQIK.cif.cif,P2_1/c
NOJQAE.cif.cif,P2_1/c
NOJYUH.cif.cif,P-1
NOJZAO.cif.cif,C2/c
NOKMIJ.cif.cif,P2_1
NOKMOP.cif.cif,P2_1
NOKPAH.cif.cif,P2_1/c
NOKPEL.cif.cif,P1
NOLPIO.cif.cif,P-1
NOLPOU.cif.cif,P2_12_12_1
NOLXUH.cif.cif,P2_1/c
NOPDEE.cif.cif,P-1
NOPMEN.cif.cif,P2_1/c
NOPNIS.cif.cif,P-1
NOPZUN.cif.cif,Cc
NOQBIF.cif.cif,P-1
NOQBOL.cif.cif,P-1
NOQBUR.cif.cif,P-1
NORXIB.cif.cif,P-1
NOVYEF.cif.cif,P2_1/c
NOWXAB.cif.cif,P2_1/c
NOXREZ.cif.cif,P-1
NOXRID.cif.cif,P2_1/c
NOYMET.cif.cif,P-1
NOZDUE.cif.cif,P2_1/c
NOZFAM.cif.cif,P-1
NOZKUI.cif.cif,P-1
NPRPME.cif.cif,P-1
NTPIMF10.cif.cif,P2_12_12_1
NTPIMF11.cif.cif,P2_12_12_1
NTPIPM10.cif.cif,P2_12_12_1
NTPOLC01.cif.cif,P2_1/c
NTPOMN.cif.cif,P2_1/c
NTPPFC.cif.cif,P2_12_12_1
NUCBET.cif.cif,P-1
NUCFEY.cif.cif,P2_1
NUCTEM.cif.cif,P2_1/c
NUCVUD.cif.cif,P2_1/c
NUFNEH.cif.cif,P2_1/c
NUFSUD.cif.cif,P2_1/c
NUFTEO.cif.cif,P2_1/c
NUGMUA.cif.cif,P-1
NUHKUW.cif.cif,P2_1/c
NUHVOC.cif.cif,P2_1
NUKKOU.cif.cif,P-1
NUKKUA.cif.cif,P-1
NUKXEY.cif.cif,P2_1/c
NULSOC.cif.cif,P2_1/c
NUMKOX.cif.cif,Cc
NUMKUD.cif.cif,P2_1/c
NUMLAK.cif.cif,P2_1/c
NUMLEO.cif.cif,P-1
NUMSOF.cif.cif,P-1
NUMSUL.cif.cif,P2_1/c
NUMTAS.cif.cif,R-3
NUMTEW.cif.cif,P2_1/c
NUMTIA.cif.cif,P-1
NUQMOE.cif.cif,P-1
NUSLOD.cif.cif,P-1
NUSLUJ.cif.cif,P-1
NUSVUV.cif.cif,P-1
NUTHAN.cif.cif,C2/c
OBADON.cif.cif,P-1
OBAFAB.cif.cif,P2_1/c
OBAJEK.cif.cif,P1
OBOHAP.cif.cif,P-1
OBOVUW.cif.cif,P-1
OBUVAI.cif.cif,P-1
OCAPUG.cif.cif,P-1
OCEKOW.cif.cif,P-1
OCEKUC.cif.cif,P-1
OCELAJ.cif.cif,P2_1
OCEZOL.cif.cif,P-1
OCINAR01.cif.cif,C2
OCIQEY.cif.cif,P2_1/c
OCIRID.cif.cif,P2_1/c
OCIRUP.cif.cif,P-1
OCISAW.cif.cif,P1
OCISEA.cif.cif,P-1
OCIYIJ.cif.cif,P-1
OCOJOH.cif.cif,P-1
ODAWIZ.cif.cif,Cc
ODAWOF.cif.cif,P2_1/c
ODAWUL.cif.cif,Pc
ODAXAS.cif.cif,P2_1/c
ODAXEW.cif.cif,Cc
ODEFAH.cif.cif,P1
ODEFEL.cif.cif,Pna2_1
ODEFOS.cif.cif,P2_1/c
ODEFOS01.cif.cif,P2_1/c
ODEFUY.cif.cif,P2_1/c
ODEFUY01.cif.cif,P2_1/c
ODINUM.cif.cif,P2_1/c
ODIPAU.cif.cif,P-1
ODIPEY.cif.cif,P2_1/c
ODOPEC.cif.cif,P-1
ODUVUE.cif.cif,C2
OEEPBR10.cif.cif,C2/c
OEPCOI10.cif.cif,P2_1/c
OEPMRH.cif.cif,P-1
OEPMRH01.cif.cif,P-1
OEPORE10.cif.cif,P2_1/c
OEPTIP01.cif.cif,P2_1/c
OEPTLC.cif.cif,P-1
OEPXSB10.cif.cif,P2_1/c
OETPFE.cif.cif,P2_1/c
OFEKOZ.cif.cif,P2_1/c
OFEKUF.cif.cif,Cc
OFOSEH.cif.cif,P-1
OFOSIL.cif.cif,C2/c
OGISII.cif.cif,P-1
OHAPUI.cif.cif,P-1
OHAQAP.cif.cif,P2_1/c
OHOLIG.cif.cif,P-1
OHOMON.cif.cif,P-1
OHUFII.cif.cif,P-1
OHUFOO.cif.cif,P-1
OHUFUU.cif.cif,P1
OHUSUH.cif.cif,P2_1/c
OJISUV.cif.cif,P-1
OJITAC.cif.cif,P2_1/c
OJITEG.cif.cif,C2/c
OJIYEN.cif.cif,P-1
OJOTUD.cif.cif,P-1
OKOQIO.cif.cif,P-1
OKOSIQ.cif.cif,P-1
OKOSOW.cif.cif,P-1
OKOSUC.cif.cif,P-1
OKUYUP.cif.cif,P-1
OKUZAW.cif.cif,Cc
OLIMAX.cif.cif,C2/c
OLUJIQ.cif.cif,P-1
OLUJOW.cif.cif,P2_1
OLUJUC.cif.cif,P-1
OLUKAH.cif.cif,P-42_1c
OMEJUO.cif.cif,C2
OMEYOU.cif.cif,P-1
OMEYUA.cif.cif,P2_1/c
ONIGEZ.cif.cif,P2_1/c
ONOHOQ.cif.cif,P2_1/c
OPUQOH.cif.cif,C2
OQAQEE.cif.cif,C2/c
OQOQAN.cif.cif,P-1
OQOQER.cif.cif,P-1
OQOQIV.cif.cif,P-1
OQOQOB.cif.cif,P-1
OQUVIH.cif.cif,P2_1/c
ORABIU.cif.cif,P2_1/c
OROJOV.cif.cif,Pbca
OROKAI.cif.cif,P2_12_12_1
OROKAI01.cif.cif,Pna2_1
OROKEM.cif.cif,P-1
OROKEM01.cif.cif,P2_12_12_1
OSOYOL.cif.cif,P-1
OSUWOQ.cif.cif,C2/c
OSUWUW.cif.cif,P2_1/c
OSUXAD.cif.cif,P-1
OSUXEH.cif.cif,P-1
OSUXIL.cif.cif,I4_1/a
OSUXOR.cif.cif,C2/c
OSUXUX.cif.cif,P2_1/c
OTPHMO.cif.cif,P-1
OWEDAX01.cif.cif,R-3
OWIYID.cif.cif,P-1
OXEQOY.cif.cif,P2_1/c
OXEQUE.cif.cif,P-1
OXERAL.cif.cif,P2_1
OXUFET.cif.cif,P-1
OYIHUB02.cif.cif,P-1
OZUBAN.cif.cif,I4_1
OZUBER.cif.cif,P2_1/c
OZUBIV.cif.cif,P2_1/c
OZUBOB.cif.cif,P2_1/c
PACLIO.cif.cif,P2_1/c
PACXEY.cif.cif,P2_12_12_1
PAFFEH.cif.cif,P-1
PAFFOV.cif.cif,P-1
PAFLIU02.cif.cif,P-1
PAFLOA.cif.cif,P-1
PAGLUE.cif.cif,P-1
PAGWEZ.cif.cif,P-1
PALDOX.cif.cif,P-1
PALFAL.cif.cif,C2/c
PALVED.cif.cif,P2_1/c
PALVIH.cif.cif,P2_1/c
PALVON.cif.cif,P2_1/c
PAMDEN.cif.cif,P-1
PAMDIR.cif.cif,P-1
PAMZIO.cif.cif,P-1
PAPFAO.cif.cif,Pna2_1
PAQBAK.cif.cif,P2_12_12_1
PAQJIC.cif.cif,P2_12_12_1
PAQJOI.cif.cif,P2_1
PAVKIG.cif.cif,P2_1/c
PAVLON.cif.cif,P2_12_12
PAZRAJ.cif.cif,P2_12_12
PCPOFE.cif.cif,P2_1/c
PEBMUG.cif.cif,P1
PEBQAR.cif.cif,P1
PEDLES.cif.cif,P-1
PEDNAQ.cif.cif,P-1
PEDNIY.cif.cif,P2_1/c
PEFYOP.cif.cif,P-1
PEGJAM.cif.cif,P2_1/c
PEGJAM10.cif.cif,P2_1/c
PEGJIU.cif.cif,C2/c
PEGJIU10.cif.cif,C2/c
PEGSUQ.cif.cif,P4_2
PEGZOR.cif.cif,P2_1/c
PEGZUX.cif.cif,P2_1/c
PEMQEF.cif.cif,P-1
PENNAX.cif.cif,P-1
PENNAX01.cif.cif,P2_1/c
PEPXIU.cif.cif,P-1
PERNUW.cif.cif,P-1
PESRIO.cif.cif,P-1
PEWCAX.cif.cif,Pc
PEWCEB.cif.cif,P-1
PEWCOL.cif.cif,P-1
PEYVUL.cif.cif,Pc
PEZBOL.cif.cif,P2_1/c
PEZBOL01.cif.cif,Pna2_1
PEZXAW.cif.cif,P-1
PHPNCD.cif.cif,P1
PIBNUJ.cif.cif,P-1
PIBRIB.cif.cif,P-1
PIBROH.cif.cif,P2_1/c
PIDCIQ.cif.cif,Pbca
PIFWEH.cif.cif,P-1
PIFWEH01.cif.cif,P-1
PIFWEH02.cif.cif,P-1
PIFWIL.cif.cif,C2/c
PIHVUX.cif.cif,P-1
PIHVUX10.cif.cif,P-1
PIJWEK.cif.cif,P-1
PIKHIA.cif.cif,P-1
PILWUC.cif.cif,P2_1
PILXAJ.cif.cif,P-1
PIMCAP.cif.cif,P-1
PIMSEJ.cif.cif,P-1
PIMVFE01.cif.cif,P2_1/c
PINXOB.cif.cif,P2_1/c
PIPNUZ.cif.cif,P2_1/c
PIRDEZ.cif.cif,P-1
PIVXAT.cif.cif,P3_2
PIVYAU.cif.cif,P2_1/c
PIZGEN.cif.cif,P2_1/c
PIZGOX.cif.cif,P-1
PODSOQ.cif.cif,P-1
PODTIL01.cif.cif,P2_1/c
PODZEO.cif.cif,P-1
POFJAV.cif.cif,P-1
POFJEZ.cif.cif,P2_1/c
POFJID.cif.cif,P2_1/c
POFPEH.cif.cif,C2/c
POFPIL.cif.cif,P-1
POGLEE.cif.cif,P2_1/c
POGLUU.cif.cif,P-1
POGZES.cif.cif,P-1
POKWIY.cif.cif,P2_1/c
POLFUS.cif.cif,P-1
POLGAZ.cif.cif,P-1
POLGED.cif.cif,P-1
POLNUB.cif.cif,P2_1/c
POLPEN.cif.cif,P-1
POLPIR.cif.cif,Pna2_1
POPJAG.cif.cif,P2_1
POQDAD.cif.cif,P2_1/c
PORPIN.cif.cif,P2_1/c
PORPIN01.cif.cif,P2_1/c
PORPIN02.cif.cif,P2_1/c
POSXOL.cif.cif,P2_1/c
POWZOS.cif.cif,P2_1/c
POXFUG.cif.cif,P2_1/c
POXGER.cif.cif,P2_1/c
POXKAO.cif.cif,P-1
POYFOB.cif.cif,P2_1
POYPUO.cif.cif,P-1
POZHOE.cif.cif,P-1
POZQIE.cif.cif,P3_121
POZQOK.cif.cif,P2_1
PPORFE12.cif.cif,P-1
PROTDM.cif.cif,P-1
PRPHPB.cif.cif,P-1
PTPOFE10.cif.cif,P2_1/c
PTPPZN.cif.cif,P2_1/c
PUBHOJ.cif.cif,P2_1/c
PUBHOJ01.cif.cif,P2_1/c
PUBNAC.cif.cif,P-1
PUBNAC01.cif.cif,P-1
PUCMEI.cif.cif,P2_1/c
PUCPEI.cif.cif,Pc
PUCPIM.cif.cif,P-1
PUGXOE.cif.cif,P-1
PUJLAJ.cif.cif,C2/c
PUNMIW.cif.cif,P2_1/c
PUPKOC.cif.cif,Pccn
PUQMUJ.cif.cif,P2_1
PURXAB.cif.cif,P2_1/c
PUTGOA.cif.cif,P2_1/c
PUVCAK.cif.cif,P2_1/c
PUVCAK01.cif.cif,P2_1/c
PUWDUJ.cif.cif,P2_1/c
PUWFAR.cif.cif,Pbca
PUWLEB.cif.cif,P-1
PUXQOR.cif.cif,P-1
PUZDUK.cif.cif,C2/c
PUZFAS.cif.cif,P-1
PUZFEW.cif.cif,P-1
PUZFIA.cif.cif,Pbca
PUZFOG.cif.cif,Cc
PYROPR.cif.cif,P2_1/c
QAFJOW.cif.cif,C2/c
QAHHEP.cif.cif,P-1
QAHHUF.cif.cif,P2_1/c
QAKGAK.cif.cif,P2_1/c
QAKHUF.cif.cif,Pbca
QAKJAN.cif.cif,P-1
QAKJER.cif.cif,P2_1/c
QAKJIV.cif.cif,P-1
QAKJOB.cif.cif,P-1
QAKJUH.cif.cif,P2_1/c
QAKKAO.cif.cif,P2_1/c
QAKKES.cif.cif,P-1
QAKKOC.cif.cif,P-1
QALJAS.cif.cif,P6_1
QALMUM.cif.cif,P-1
QARCOD.cif.cif,P2_1/c
QARCUJ.cif.cif,P2_1/c
QARPUU.cif.cif,P1
QARPUU02.cif.cif,P-1
QARQAB.cif.cif,P-1
QARQIJ.cif.cif,P2_12_12_1
QASPAC.cif.cif,P2_1/c
QASWAJ.cif.cif,P-1
QASWEN.cif.cif,C2/c
QASWIR.cif.cif,Cc
QAYRIS.cif.cif,P2_1/c
QAYRIS01.cif.cif,P2_1/c
QAYRIS02.cif.cif,P2_1/c
QEKTEI.cif.cif,P-1
QEKTIM.cif.cif,P-1
QEKTOS.cif.cif,P2_1/c
QENJIC.cif.cif,P2_1/c
QENJOI.cif.cif,P-1
QEPBOD.cif.cif,P-1
QESHEB.cif.cif,P-1
QETHAZ.cif.cif,P-1
QEVGEE.cif.cif,P2_1/c
QEYTEV.cif.cif,P2_1/c
QEZGEI.cif.cif,P-1
QEZWUN.cif.cif,P-1
QICKIX.cif.cif,P-1
QIHTEG.cif.cif,P2_1/c
QIHYAJ.cif.cif,Cc
QIJJUR.cif.cif,P-1
QIJKAY.cif.cif,P-1
QIJKEC.cif.cif,Cc
QIJKIG.cif.cif,P2_1/c
QIJKOM.cif.cif,P-1
QIJLED.cif.cif,P2_1/c
QIJLIH.cif.cif,P2_1/c
QIJXEM.cif.cif,P2_1/c
QILMEG.cif.cif,P2_1/c
QILNAD.cif.cif,C2
QILTOX.cif.cif,C2
QILTUD.cif.cif,P2/c
QILVAL.cif.cif,P2/c
QIMNIJ.cif.cif,P2_1/c
QIPCOJ.cif.cif,P-1
QIPDIC.cif.cif,P2_1/c
QIPPAG.cif.cif,P2_1/c
QIPPEK.cif.cif,P2_1
QISXOF.cif.cif,P2_1/c
QISXUL.cif.cif,Pbca
QITWUO.cif.cif,P2_1/c
QITXAV.cif.cif,P-1
QITXEZ.cif.cif,P-1
QITXOJ.cif.cif,P-1
QIVDOP.cif.cif,P2_1/c
QIVDUV.cif.cif,P2_1/c
QIXTAV.cif.cif,P-1
QIYSEZ.cif.cif,Pbca
QIYSID.cif.cif,P-1
QIYSOJ.cif.cif,P-1
QOBXUA.cif.cif,P2_1/c
QOJTAK.cif.cif,C2/c
QOLYEV.cif.cif,P2_12_12_1
QOLYIZ.cif.cif,P2_1
QOLZEW.cif.cif,P2_1/c
QOLZIA.cif.cif,P2_1/c
QOLZOG.cif.cif,P2_1/c
QOPLOX.cif.cif,P2_1/c
QOQGOS.cif.cif,P-1
QOQGUY.cif.cif,P-1
QOQHAF.cif.cif,P-1
QOQHEJ.cif.cif,P-1
QOQHIN.cif.cif,P-1
QOQHOT.cif.cif,P2_1
QOQHUZ.cif.cif,C2/c
QOQJAH.cif.cif,C2/c
QORJUE.cif.cif,P2_1/c
QORTIC.cif.cif,P-1
QOSBAB.cif.cif,P-1
QOSBEF.cif.cif,P-1
QOTXAA.cif.cif,Pbca
QOTXII.cif.cif,P2_1/c
QOVKIW.cif.cif,Cc
QOVKIW01.cif.cif,Cc
QOVKIW02.cif.cif,Cc
QOVKIW03.cif.cif,Cc
QOVKIW04.cif.cif,P2_1/c
QOVKIW05.cif.cif,P2_1/c
QOVKIW06.cif.cif,P2_1/c
QOVKIW07.cif.cif,P2_1/c
QOXDUC.cif.cif,P-1
QOXVAA.cif.cif,P-1
QOYWAC.cif.cif,P2_12_12_1
QOZJOG.cif.cif,P2_1/c
QOZPIE.cif.cif,P-1
QOZROM.cif.cif,C2/c
QOZRUS.cif.cif,P2_1/c
QQQFQG01.cif.cif,P-1
QUBDOI.cif.cif,P-1
QUBWUI.cif.cif,P2_1/c
QUCPAF.cif.cif,P1
QUGMAI.cif.cif,P-1
QUGMEM.cif.cif,P-1
QUGSAO.cif.cif,P-1
QUHXOH.cif.cif,P2_1/c
QUHXUN.cif.cif,P2_1/c
QUHYAU.cif.cif,P2_1/c
QUHYEY.cif.cif,P-1
QUJJOV.cif.cif,P1
QUKNEP.cif.cif,P-1
QUKRUM.cif.cif,P-1
QUKSAT.cif.cif,P-1
QUKTAU.cif.cif,P2_1/c
QUMFOT.cif.cif,P1
QUMFUZ.cif.cif,P2_1
QUNDUA.cif.cif,P-1
QUQDEN.cif.cif,P-1
QUQDIR.cif.cif,P4/ncc
QURNOJ.cif.cif,P-1
QURQEB.cif.cif,P2_1/c
QURRAY.cif.cif,P2_12_12_1
QURVIK.cif.cif,P-1
QUTFAO.cif.cif,P-1
QUWTAF.cif.cif,P2_1/c
QUWTEJ.cif.cif,P-1
QUWWEM.cif.cif,P2_1/c
QUWYOY.cif.cif,P-1
QUXFIZ.cif.cif,P-1
QUXMUU.cif.cif,P-1
QUXSIN.cif.cif,P-1
QUYCUK.cif.cif,P2_1/c
QUZXOA.cif.cif,P-1
RABRET.cif.cif,P-1
RAKGAN.cif.cif,C2/c
RALTON.cif.cif,P2_1/c
RALTUT.cif.cif,P2_1/c
RALVAB.cif.cif,P2_1/c
RALVEF.cif.cif,P-1
RAMSEG.cif.cif,P-1
RAMSIK.cif.cif,P2_1/c
RAMSOQ.cif.cif,P2_1/c
RAMSUW.cif.cif,P-1
RAMZOX.cif.cif,P2_1/c
RANLOK.cif.cif,P2_1/c
RANLUQ.cif.cif,Cc
RANMUR.cif.cif,P-1
RAPNOL.cif.cif,P2_1/c
RAPNUR.cif.cif,P2_1/c
RAPRIK.cif.cif,P-1
RARQEJ.cif.cif,P2_1
RATXOC.cif.cif,P-1
RATXUI.cif.cif,P-1
RAXJEH.cif.cif,P2_1/c
RAXJIL.cif.cif,P-1
RAYDUR.cif.cif,P2_1/c
REBFOV.cif.cif,P-1
REBFUB.cif.cif,P-1
RECCIL.cif.cif,P2_1/c
RECPEX.cif.cif,Iba2
REFPOH.cif.cif,P-1
REHGOB.cif.cif,P-1
REHVIJ.cif.cif,P-1
REHXAE.cif.cif,P-1
REJXAG.cif.cif,P-1
REKMAW.cif.cif,P-1
REKMEA.cif.cif,P2_1/c
REKMIE.cif.cif,P-1
RELHEV.cif.cif,P2_1/c
RENKED.cif.cif,P-1
RENLII.cif.cif,P2_12_12_1
RENLOO.cif.cif,P2_1
RENSUZ.cif.cif,P-1
RENTAG.cif.cif,P2_1/c
RETMAE.cif.cif,P2_1/c
RETMEI.cif.cif,P-1
REVMEN.cif.cif,P2_1/c
REVROZ.cif.cif,P-1
RICKOF.cif.cif,P-1
RICVIK.cif.cif,P-1
RIGKUO.cif.cif,Cc
RIGLAV.cif.cif,P1
RIGROO.cif.cif,P2_1/c
RIGWUC.cif.cif,P2_1/c
RIHVOT.cif.cif,P2_1/c
RIHWUA.cif.cif,P2_1/c
RIHXAH.cif.cif,P-1
RIHXEL.cif.cif,P2_1/c
RIHXIP.cif.cif,P-1
RIHXOV.cif.cif,P2_1/c
RIJMIG.cif.cif,P-1
RINJON.cif.cif,P2_1/c
RIPDUQ.cif.cif,P2_1
RIPFEC.cif.cif,P2_1
RIQJEG.cif.cif,P-1
RIQJIK.cif.cif,Pc
RIQKIL.cif.cif,P2_1/c
RIQKOR.cif.cif,P2_1/c
RIQPAL.cif.cif,P2/c
RIQSUF.cif.cif,P-1
RIQSUF01.cif.cif,P2_1/c
RIRNUB.cif.cif,P2_1/c
RIVLIT.cif.cif,P-1
RIVLOZ.cif.cif,P-1
RIVLUF.cif.cif,P-1
RIVMAM.cif.cif,P-1
RIVMEQ.cif.cif,P-1
RIVMOA.cif.cif,P-1
RIWNOA.cif.cif,P-1
ROBMEB.cif.cif,C2/c
ROBTOU.cif.cif,P2_1/c
ROBTUA.cif.cif,P-1
ROBVAI.cif.cif,P2_1/c
ROBVEM.cif.cif,P-1
ROBYEN.cif.cif,P-1
ROCHOG.cif.cif,P-1
ROCWAH.cif.cif,C2/c
RODXEN.cif.cif,P2_1/c
ROGBIY.cif.cif,Pna2_1
ROGRUD.cif.cif,P-1
ROGSAK.cif.cif,P-1
ROGSIS.cif.cif,P-1
ROHDEY.cif.cif,P2_1/c
ROHDEY01.cif.cif,P2_1/c
ROHDIC.cif.cif,Pca2_1
ROHWOA.cif.cif,P2_1/c
ROJFAX.cif.cif,P-1
ROJQOY.cif.cif,P-1
RONRIV.cif.cif,P2_1/c
ROPGOU.cif.cif,Pca2_1
ROQBAA.cif.cif,P2_1/c
ROQBEE.cif.cif,P-1
RORWAY.cif.cif,P2/c
ROTJUH.cif.cif,P2_12_12_1
ROTKAO.cif.cif,P2_1/c
ROTKES.cif.cif,Pc
ROVCIQ.cif.cif,P-1
ROWNUP.cif.cif,P-1
ROZWEK.cif.cif,P-1
RUBGUT.cif.cif,P2_1
RUBYOF.cif.cif,P2_1/c
RUDROA.cif.cif,P2_1/c
RUHQAM.cif.cif,P2_1/c
RUHQEQ.cif.cif,P2_1/c
RUHQIU.cif.cif,P-1
RUJNUF.cif.cif,P-1
RUJPER.cif.cif,P2_12_12_1
RUKZAA.cif.cif,P2_1/c
RUKZEE.cif.cif,P-1
RUKZII.cif.cif,P-1
RUKZOO.cif.cif,C2/c
RUMFOW.cif.cif,P1
RUPYIM.cif.cif,P-1
RUSBIR.cif.cif,P-1
RUSLOI.cif.cif,P2_1/c
RUTMUO.cif.cif,P2_1/c
RUTNAV.cif.cif,P-1
RUTNEZ.cif.cif,P-1
RUTNID.cif.cif,P-1
RUTNUP.cif.cif,P-1
RUTPAX.cif.cif,P-1
RUTPEB.cif.cif,P-1
RUTPUR.cif.cif,P-1
RUTQAY.cif.cif,P-1
RUTQIG.cif.cif,P-1
RUTQOM.cif.cif,P-1
RUTQUS.cif.cif,Cc
RUTRAZ.cif.cif,P-1
RUTTEI.cif.cif,P2_1/c
RUZPEI.cif.cif,P-1
RUZPIM.cif.cif,P-1
RUZPOS.cif.cif,P-1
SACNOZ.cif.cif,P2_1/c
SACNUF.cif.cif,P-1
SAFSOH.cif.cif,P2_1/c
SAFSOH10.cif.cif,P2_1/c
SAGKUJ.cif.cif,P2_1/c
SAGNAQ.cif.cif,P-1
SAGVIF.cif.cif,P2_1/c
SAHCAF.cif.cif,P2_1/c
SAHNAR.cif.cif,P2_12_12_1
SAJRON.cif.cif,P2_1
SALNEA.cif.cif,P-1
SALNEA01.cif.cif,P-1
SALNEA02.cif.cif,P-1
SALNUQ.cif.cif,P-1
SAMFET.cif.cif,Pca2_1
SAMNOK.cif.cif,Pna2_1
SAMNUQ.cif.cif,C2/c
SAMPAY.cif.cif,P-1
SAMVUX.cif.cif,Pna2_1
SAQQEI.cif.cif,P2_1
SAQQIM.cif.cif,P-1
SAQQOS.cif.cif,P2_1/c
SAQTAG.cif.cif,P-1
SARROV.cif.cif,P2_1/c
SASQIN.cif.cif,P2_1/c
SATQOU.cif.cif,P-1
SAVLIK.cif.cif,P2_1/c
SAVLIK01.cif.cif,P2_1/c
SAVMAG.cif.cif,Pbcn
SAWQEM.cif.cif,P2_1/c
SAXTEQ.cif.cif,P2_1/c
SAXZUN.cif.cif,P2_1/c
SAYBAW.cif.cif,P-1
SAYBAW01.cif.cif,P-1
SAYBAW02.cif.cif,P-1
SAYBAW03.cif.cif,P-1
SAYBAW04.cif.cif,P-1
SAZDUU.cif.cif,P2_1/c
SEBDOT.cif.cif,P-1
SEBQEV.cif.cif,P2_1/c
SEDNEW.cif.cif,P-1
SEGRIF.cif.cif,P2_1/c
SEHPOL.cif.cif,P2_1/c
SEHPUR.cif.cif,P-1
SEJLUQ.cif.cif,P2_1/c
SEKJOK.cif.cif,Cc
SELHEZ.cif.cif,P-1
SEMNED.cif.cif,P2_1/c
SENMUU.cif.cif,P2_1/c
SENSEK.cif.cif,P-1
SERCOI.cif.cif,P2_1/c
SEVCUR.cif.cif,P-1
SIBWOP.cif.cif,P-1
SIBZIM.cif.cif,P2_1
SIBZOS.cif.cif,P2_1/c
SICFAL.cif.cif,P2_1/c
SICLEW.cif.cif,C2/c
SIDFIX.cif.cif,P2_1/c
SILKUT.cif.cif,P2_1/c
SIMFAV.cif.cif,P2_1/c
SINBAS.cif.cif,P-1
SIQMIR.cif.cif,P2_1/c
SIRMAK.cif.cif,P2_1
SIRTUL.cif.cif,P2_1/c
SISRIY.cif.cif,P2_1/c
SIVBUX.cif.cif,P2_1/c
SIVTEX.cif.cif,P2_1/c
SIXLOB.cif.cif,P-1
SIYHEO.cif.cif,P-1
SIYHIS.cif.cif,C2/c
SIYRUN.cif.cif,P2_1/c
SIYSUQ.cif.cif,P-1
SIYTAX.cif.cif,P2_1/c
SIYWAY.cif.cif,P-1
SIYWEC.cif.cif,Pccn
SIZCIP.cif.cif,P-1
SOBCOE.cif.cif,P-1
SOBCUK.cif.cif,P-1
SOBDAR.cif.cif,P2_1/c
SOCFOF.cif.cif,P2_1/c
SOCTEM.cif.cif,C2/c
SOCTIQ.cif.cif,P2_1/c
SOCTUC.cif.cif,P-1
SOCVUE.cif.cif,P-1
SOCXOX.cif.cif,P-1
SOCXUD.cif.cif,P-1
SODBET.cif.cif,P1
SODKUU.cif.cif,C2/c
SODQUA.cif.cif,P-1
SOFXIX.cif.cif,P-1
SOFXOD.cif.cif,P2_1/c
SOFXUJ.cif.cif,Pca2_1
SOFYAQ.cif.cif,Pc
SOFYEU.cif.cif,Pbca
SOFYIY.cif.cif,P-1
SOGJIH.cif.cif,Cc
SOHJOR.cif.cif,P-1
SOKDEB.cif.cif,P2_1/c
SOMDAB.cif.cif,P2_1/c
SOMDEF.cif.cif,P2_1/c
SOMDIJ.cif.cif,P2_1/c
SOMDOP.cif.cif,P-1
SONCII.cif.cif,P-1
SONLEN.cif.cif,P-1
SOQLAM.cif.cif,P2_1/c
SOQYIG.cif.cif,P-1
SOQYOM.cif.cif,P-1
SOSVIG.cif.cif,P2_1/c
SOSVOM.cif.cif,P2_1/c
SOSVUS.cif.cif,P-1
SOWHAP.cif.cif,P-1
SOZWAF.cif.cif,P2_1/c
SOZXEM.cif.cif,P-1
SOZZOY.cif.cif,P2_1/c
SOZZUE.cif.cif,Pc
SUBYAS.cif.cif,P2_1
SUBYEW.cif.cif,P2_1/c
SUCJEH.cif.cif,Pca2_1
SUCJUX.cif.cif,P-1
SUCWES.cif.cif,P-1
SUDBEY.cif.cif,Pc
SUDNIO.cif.cif,P2_1/c
SUDVUI.cif.cif,P2_1/c
SUGSIX.cif.cif,P-1
SUJKUG.cif.cif,P-1
SULCUX.cif.cif,P-1
SULDAE.cif.cif,P2_1/c
SULDEI.cif.cif,I-4
SULKOC.cif.cif,P2_1/c
SULLEQ.cif.cif,P-1
SUNXEF.cif.cif,P2_1/c
SUNXIJ.cif.cif,P2_1/c
SUNXOP.cif.cif,P-1
SUNXUV.cif.cif,P-1
SUNYAC.cif.cif,P2_1/c
SUPDUE.cif.cif,P2_1/c
SUQGUH.cif.cif,C2/c
SURGUJ.cif.cif,P2_1/c
SURHAQ.cif.cif,P-1
SUSMAW.cif.cif,P-1
SUSMEA.cif.cif,P2_1/c
SUVNIJ.cif.cif,R-3
SUXCEV.cif.cif,P2_1/c
SUXCIZ.cif.cif,P2_1/c
TABRIZ.cif.cif,P2_1/c
TABRUL.cif.cif,P2_1/c
TABSIA.cif.cif,P2_1/c
TACJOY.cif.cif,P2_1/c
TACJUE.cif.cif,R-3
TACKOY.cif.cif,P-1
TACNAO.cif.cif,P-1
TACNES.cif.cif,P-1
TACNIW.cif.cif,P-1
TADKAL.cif.cif,P-1
TADNOE.cif.cif,P2_1/c
TAGDAI.cif.cif,P2_1
TAHFEO.cif.cif,P-1
TAHFIS.cif.cif,P-1
TAHFOY.cif.cif,P-1
TAHFUE.cif.cif,P-1
TAHQIF.cif.cif,P-1
TAJYUC.cif.cif,P-1
TAKSIH.cif.cif,P2_1/c
TAKVIK.cif.cif,P-1
TAKVOQ.cif.cif,P-1
TALLAU.cif.cif,P2_1/c
TALLIC.cif.cif,P2_1/c
TALTOT.cif.cif,P-1
TAMLUP.cif.cif,P2_1/c
TAMPHG.cif.cif,P2_1/c
TANMUQ.cif.cif,P-1
TAPVUD.cif.cif,P-1
TAQWUG.cif.cif,P-1
TARJOO.cif.cif,P-1
TATLEH.cif.cif,P2_1
TATLIL.cif.cif,P1
TATLOR.cif.cif,P1
TATPOT01.cif.cif,Cc
TATPUZ01.cif.cif,P2_1/c
TATQAG01.cif.cif,P2_1/c
TATQEK01.cif.cif,P2_1/c
TATXUH.cif.cif,P2_1/c
TAVYEV.cif.cif,P2_1/c
TAWVIX.cif.cif,Pbca
TAYVEU.cif.cif,P2_12_12_1
TAZDOP.cif.cif,P-1
TECGOZ.cif.cif,P-1
TEFPEZ.cif.cif,Cc
TEFQEA.cif.cif,P2_1/c
TEFQOK.cif.cif,P2_1/c
TEFQOL.cif.cif,P2_1/c
TEFQUR.cif.cif,P-1
TEFREB.cif.cif,P1
TEFROL.cif.cif,P1
TEFSAY.cif.cif,P-1
TEJBAO.cif.cif,P-1
TEJBES.cif.cif,Cc
TEJBOC.cif.cif,P-1
TEKDEU.cif.cif,P2_1/c
TEKDIY.cif.cif,P-1
TELCES.cif.cif,P-1
TEMFAS.cif.cif,Pc
TEMFAS01.cif.cif,Pc
TEMKOL.cif.cif,P2_1/c
TEMMON.cif.cif,P2_1/c
TEMMUT.cif.cif,P2_1/c
TEMNAA.cif.cif,P2_1/c
TEMXOY.cif.cif,P2_1/c
TEPVUF.cif.cif,P-1
TEPWAM.cif.cif,Pna2_1
TEPZUL.cif.cif,C2/c
TEQPIO.cif.cif,P2_1/c
TEQWIV.cif.cif,P-1
TERFAZ.cif.cif,P2_1/c
TERFOO.cif.cif,P-1
TESFAZ.cif.cif,P-1
TEVMOZ.cif.cif,P-1
TEVPIW.cif.cif,P2_1
TEVPOC.cif.cif,P-1
TEWZUQ.cif.cif,P-1
TEXBAZ.cif.cif,C2/c
TEXRUM.cif.cif,P2_1/c
TEYCEI.cif.cif,P2_1/c
TEYCOS.cif.cif,P2_1/c
TEYCUY.cif.cif,P-1
TEZREY.cif.cif,P-1
TEZRIC.cif.cif,P2_1/c
TEZSAV.cif.cif,P2_1/c
TICDIS.cif.cif,P-1
TICDIS01.cif.cif,P2_1/c
TIFCET.cif.cif,P2_1/c
TIFCIX.cif.cif,Pca2_1
TIFCOD.cif.cif,P-1
TIGZER.cif.cif,P-1
TIGZIV.cif.cif,P-1
TIGZUH.cif.cif,P2_1/c
TIHNON.cif.cif,P-1
TIJZAP.cif.cif,P1
TIKFIC.cif.cif,P-1
TILTAK.cif.cif,P2_1
TILTEO.cif.cif,P2_1/c
TILXUK.cif.cif,P-1
TIMQEM.cif.cif,P2_1/c
TINRUF.cif.cif,P2_1/c
TINSAM.cif.cif,P2_1/c
TINWUK.cif.cif,Pc
TIQQIU.cif.cif,P-1
TIQQOA.cif.cif,C2
TIQVAT.cif.cif,P2_12_12_1
TIQZEA.cif.cif,Pna2_1
TIQZIE.cif.cif,P-1
TIQZOK.cif.cif,P-1
TISSIY.cif.cif,P2_1/c
TISSOE.cif.cif,C2/c
TIVRIA.cif.cif,P-1
TIVROG.cif.cif,C2/c
TIWPEV.cif.cif,P2_1/c
TIWROI.cif.cif,P-1
TIWSAV.cif.cif,P2_1
TIWSEZ.cif.cif,P-1
TIWYIK.cif.cif,Pbca
TIWYOQ.cif.cif,P-1
TIXYEF.cif.cif,P-1
TIXYUX.cif.cif,P-1
TIXZAE.cif.cif,P-1
TOBGID.cif.cif,P-1
TOBTIQ.cif.cif,P-1
TOBTUC.cif.cif,P-1
TOBVAK.cif.cif,P-1
TOCZAO.cif.cif,P2_1/c
TOCZES.cif.cif,P2_12_12_1
TOCZIW.cif.cif,P2_1/c
TODREM.cif.cif,P2_1/c
TODXEP.cif.cif,P2_1/c
TOFZET.cif.cif,P2_1
TOJGIL.cif.cif,P-1
TOJLIN.cif.cif,P-1
TOJYID.cif.cif,P2_1/c
TOKGEF.cif.cif,P-1
TOMBAZ.cif.cif,P2_1/c
TOMJOV.cif.cif,P-1
TOMJUB.cif.cif,P2_12_12_1
TOMKAI.cif.cif,P2_1/c
TOMKAJ.cif.cif,P2_1/c
TOMKEN.cif.cif,P-1
TONYUT.cif.cif,Pca2_1
TONZAA.cif.cif,P-1
TONZEE.cif.cif,P2_1/c
TOPBEI.cif.cif,P2_1/c
TOPMER.cif.cif,P2_1/c
TOQZOR.cif.cif,P2_1/c
TORHEQ.cif.cif,P2_1/c
TORWIH.cif.cif,P2_1/c
TOTYUY.cif.cif,P-1
TOTZAF.cif.cif,P-1
TOVPAX.cif.cif,P2_1/c
TOWFOC.cif.cif,P2_1/c
TOWHEU.cif.cif,Cc
TOYRUU.cif.cif,P2_1/c
TOYRUU01.cif.cif,P-1
TOYSAB.cif.cif,P2_1/c
TOZVIN.cif.cif,P-1
TPHSNS.cif.cif,P1
TPMNSN10.cif.cif,P-1
TPONBO10.cif.cif,Cc
TPPFIM.cif.cif,P2_1/c
TPPMNA.cif.cif,P2_1/c
TPPMNA01.cif.cif,P2_1/c
TPPSFE10.cif.cif,P2_12_12_1
TSAPNI.cif.cif,P-1
TTPMOO.cif.cif,P2_1/c
TUBJUV.cif.cif,P2_1/c
TUBNUB.cif.cif,Pc
TUBPUD.cif.cif,P-1
TUBQAK.cif.cif,P-1
TUBQEO.cif.cif,P2_1/c
TUDBEA.cif.cif,P-1
TUDBIE.cif.cif,P-1
TUDBOK.cif.cif,P-1
TUHWEB.cif.cif,P-1
TUHWOL.cif.cif,P2_1/c
TUHWUR.cif.cif,P2_1/c
TUPNAV.cif.cif,P2_1/c
TUPWEG.cif.cif,P-1
TUPXUX.cif.cif,P-1
TURQED.cif.cif,P-1
TURQIH.cif.cif,P-1
TUSJEW.cif.cif,P1
TUSREH.cif.cif,P2_1/c
TUSRUX.cif.cif,P-1
TUSSAE.cif.cif,Pbca
TUSSAE01.cif.cif,Pbca
TUSSIM.cif.cif,P2_1/c
TUSSUY.cif.cif,P2_1/c
TUSTAF.cif.cif,P-1
TUSTEJ.cif.cif,P-1
TUSTIN.cif.cif,P-1
TUSTOQ.cif.cif,C2/c
TUSTOT.cif.cif,P2_1/c
TUSVAH.cif.cif,P-1
TUSVEL.cif.cif,P2_1/c
TUVNOQ.cif.cif,P-1
TUVNUW.cif.cif,P-1
TUVPEI.cif.cif,P2_1/c
UBIHAR.cif.cif,P2_1/c
UBIHEV.cif.cif,P-1
UBIHIZ.cif.cif,P2_1/c
UBIQAZ.cif.cif,P-1
UBIQED.cif.cif,P-1
UCEYEK.cif.cif,P-1
UCIBUD01.cif.cif,P2_1/c
UCOBOE.cif.cif,P2_12_12_1
UDADAE.cif.cif,P2_1/c
UDADEI.cif.cif,Cc
UDADIM.cif.cif,P-1
UDERUR.cif.cif,P2_1/c
UDOKOO.cif.cif,C2/c
UDOSEM.cif.cif,Pbca
UDOSIQ.cif.cif,P2_1/c
UFAQIB.cif.cif,P-1
UFAQOH.cif.cif,P2_1/c
UFISOU.cif.cif,P1
UFISUA.cif.cif,Cc
UFUQAN.cif.cif,P-1
UFUQAN01.cif.cif,P-1
UFUQAN02.cif.cif,P-1
UFUQAN03.cif.cif,P-1
UFUQAN04.cif.cif,P-1
UFUQER.cif.cif,P-1
UGADOW.cif.cif,P-1
UGENEB.cif.cif,P-1
UGINII.cif.cif,P-1
UGUHOV.cif.cif,P2_1/c
UGUQOD.cif.cif,P-1
UGUQUJ.cif.cif,P-1
UHEFAR.cif.cif,P2_1/c
UHEFEV.cif.cif,P2_1/c
UHEFIZ.cif.cif,P2_1/c
UHEFUL.cif.cif,P-1
UHETAF.cif.cif,P-1
UHETEJ.cif.cif,P2_1/c
UHUVID.cif.cif,P2_1/c
UJEMAX.cif.cif,P2_1/c
UJILIK.cif.cif,P2_1/c
UJILOQ.cif.cif,Pc
UJILUW.cif.cif,P1
UJUFOV.cif.cif,Pca2_1
UJUFUB.cif.cif,P2_1
UKACIS.cif.cif,P2_1/c
UKEVOW.cif.cif,P-1
UKEVUC.cif.cif,P-1
UKEXIR.cif.cif,P-1
UKEXOX.cif.cif,P2_1/c
UKEXUD.cif.cif,P-1
UKOQOC.cif.cif,P-1
UKOTUM.cif.cif,P2_1/c
ULACIV.cif.cif,P-1
ULACUH.cif.cif,P2_1/c
ULAJOJ.cif.cif,P1
ULEHAU.cif.cif,Pc
UMATAE.cif.cif,P2_1/c
UMIHOP.cif.cif,P-1
UMIHUV.cif.cif,P2_1/c
UMOQAP.cif.cif,P-1
UNAJAU.cif.cif,P-1
UNUJEV.cif.cif,P-1
UPOTEZ.cif.cif,C2/c
UQACOF.cif.cif,P-1
UQIDAC.cif.cif,P-1
UQIFEI.cif.cif,P2_1/c
UQIKIR.cif.cif,P2_1/c
UQIWEZ.cif.cif,P-1
UQIWID.cif.cif,Pbca
UQUQAA.cif.cif,P2_1/c
UQUQEE.cif.cif,P-1
UQUQII.cif.cif,P2/c
UQUQOO.cif.cif,P-1
URAJEF.cif.cif,P-1
UREJIN.cif.cif,P2_1/c
UROFUD.cif.cif,P-1
UROGAK.cif.cif,C2/c
USIPET.cif.cif,Cc
USIPET01.cif.cif,P2_1/c
USIPIX.cif.cif,P-1
USIPUJ.cif.cif,P2_12_12_1
USIVAV.cif.cif,P2_1/c
USULUR.cif.cif,P2_1/c
UTEJIN.cif.cif,Pc
UTEWEY.cif.cif,P2_1/c
UTEXID.cif.cif,P-1
UTEYIE.cif.cif,P-1
UVUCIY.cif.cif,Cc
UVUCOE.cif.cif,Cc
UVUKEC.cif.cif,P2_12_12_1
UVUKIG.cif.cif,P2_12_12_1
UWADAY.cif.cif,P-1
UWADEC.cif.cif,P-1
UWADOM.cif.cif,C2/c
UWAZIC.cif.cif,P-1
UWUVIS.cif.cif,P-1
UWUVOY.cif.cif,P-1
UXABIG02.cif.cif,P2_1/c
UXEXAZ.cif.cif,Pna2_1
UXOWUB.cif.cif,P2_1/c
UYAVUN.cif.cif,P-1
UYAZIE02.cif.cif,P1
UYUVAM.cif.cif,C2/c
UZEMAQ.cif.cif,P-1
UZEMEU.cif.cif,P-1
VACQUL.cif.cif,Pbca
VADFIR.cif.cif,P-1
VADJAP.cif.cif,P-1
VADJOD.cif.cif,P2_1/c
VAFQAU.cif.cif,P2_1/c
VAFQEY.cif.cif,Pbca
VAFQIC.cif.cif,P-1
VAFTUR.cif.cif,P2_1/c
VAJYIP.cif.cif,P-1
VAKJUN.cif.cif,P2_1/c
VAKTIN.cif.cif,P-1
VAMJAX.cif.cif,P-1
VAMJEB.cif.cif,P2_1/c
VAOPOR10.cif.cif,P2_1/c
VAPJEB.cif.cif,P-1
VAPJIF.cif.cif,P-1
VAPTUC.cif.cif,Pbca
VAPVAK.cif.cif,Pbca
VAPVEO.cif.cif,Pbca
VAQNIM.cif.cif,P-1
VAQZOD.cif.cif,P2_1/c
VATXIX.cif.cif,P-1
VATXUJ.cif.cif,P-1
VATYAQ.cif.cif,P-1
VAVCUQ.cif.cif,P-1
VAVRAN.cif.cif,Pbca
VAVRER.cif.cif,P2_1/c
VAVVIY.cif.cif,P2_1/c
VAVVOE.cif.cif,P2_1/c
VAVVUK.cif.cif,P2_12_12_1
VAWCOM.cif.cif,P-1
VAWCUS.cif.cif,P-1
VAYDAB.cif.cif,P2_1/c
VEFMAU.cif.cif,P-1
VEFTAC.cif.cif,P2_1/c
VEFZIS.cif.cif,P2_1/c
VEFZOY.cif.cif,P-1
VEPCAX.cif.cif,P2_1/c
VETXUN.cif.cif,P2_1/c
VEXSIC.cif.cif,P2_1/c
VEXTAV.cif.cif,P2_1
VEYYUW.cif.cif,P2_1/c
VEYZEH.cif.cif,P1
VEZBAG.cif.cif,P-42_1c
VEZVEC.cif.cif,P2_1/c
VICCUG.cif.cif,P2_1/c
VICDER.cif.cif,P2_1/c
VICDIV.cif.cif,P2/c
VICDOB.cif.cif,P2_1/c
VICDUH.cif.cif,P2_1/c
VIDRAC.cif.cif,P-1
VIFNED.cif.cif,P-1
VIGBAQ.cif.cif,P-1
VIKKEI.cif.cif,P-1
VIKKIM.cif.cif,P-1
VIKLUZ.cif.cif,P-1
VIKREM.cif.cif,P-1
VILKIL.cif.cif,P-1
VIMZUN.cif.cif,P2_1/c
VINBOK.cif.cif,P-1
VIPCEF.cif.cif,P-1
VIRVUQ01.cif.cif,P-1
VIRVUQ02.cif.cif,P-1
VIRVUQ03.cif.cif,P-1
VIRVUQ04.cif.cif,P-1
VIRWAX.cif.cif,P2_1/c
VITGAG.cif.cif,P-1
VITPFE10.cif.cif,P2_1/c
VIVNUJ.cif.cif,P2_1/c
VIXKAO.cif.cif,P-1
VIXKES.cif.cif,P-1
VIXMOH.cif.cif,Pbca
VIYQOM.cif.cif,P-1
VOBHEB.cif.cif,P-1
VOBHIF.cif.cif,Pbcn
VOBHUR.cif.cif,P2_1/c
VOCPOU.cif.cif,P2_1/c
VOFDAW.cif.cif,P2_1/c
VOFDIE.cif.cif,P2_1/c
VOFLUX.cif.cif,P2_1/c
VOGZAT.cif.cif,P2_1/c
VOHHEG.cif.cif,P-1
VOMDIM.cif.cif,P-1
VONFUB.cif.cif,P2_1
VONGAI.cif.cif,C2/c
VONGEM.cif.cif,C2/c
VONGIQ.cif.cif,P-1
VONGOW.cif.cif,C2/c
VONGUC.cif.cif,C2/c
VONHAJ.cif.cif,P-1
VONHIR.cif.cif,C2/c
VONHOX.cif.cif,C2/c
VOPFOY.cif.cif,P2_1
VOQPOG.cif.cif,P2_1/c
VOWTEI.cif.cif,C2/c
VOWTIM.cif.cif,P-1
VOZDIZ.cif.cif,P-1
VOZQIM.cif.cif,P-1
VPERPR10.cif.cif,P2_1/c
VUDJIP.cif.cif,P-1
VUDSIZ.cif.cif,P-1
VUFSOE.cif.cif,P-1
VUFTAR.cif.cif,P-1
VUGBEE.cif.cif,P-1
VUGZAA.cif.cif,P2_1/c
VUHROF.cif.cif,P-1
VUJREA.cif.cif,Pc
VULNUO.cif.cif,P-1
VULPAW.cif.cif,P2_1/c
VUMHAN.cif.cif,P2_1/c
VUMHER.cif.cif,P-1
VUMHOB.cif.cif,P2_1/c
VUMHUH.cif.cif,P2_1/c
VUMYEK01.cif.cif,P2_1/c
VUMYUA.cif.cif,P2_1/c
VUMZAH.cif.cif,P2_1/c
VUNZAG.cif.cif,P2_1/c
VUPKUM.cif.cif,P-1
VURDOB.cif.cif,P2_1/c
VUSNAZ.cif.cif,P-1
VUTNIH.cif.cif,P2_1/c
VUXLAC.cif.cif,P4_32_12
WACREY.cif.cif,P2_1/c
WADRIC.cif.cif,P-1
WADROI.cif.cif,P-1
WAFTED.cif.cif,P-1
WAHLAU.cif.cif,P2_1/c
WAJKOL.cif.cif,P-1
WAJLAY.cif.cif,P-1
WAJLEC.cif.cif,P-1
WAJLIG.cif.cif,Pbca
WALGAU.cif.cif,C2/c
WALHEW.cif.cif,P2_1/c
WALHIA.cif.cif,P2_1/c
WALHOG.cif.cif,P-1
WAVCIG.cif.cif,P2_1/c
WAVDIG.cif.cif,P2_1/c
WAVDIG10.cif.cif,P2_1/c
WAVDOM.cif.cif,P-1
WAVDOM10.cif.cif,P-1
WAVLOU.cif.cif,P-1
WAVLUA.cif.cif,P-1
WAVMAH.cif.cif,P2_1/c
WAVMEL.cif.cif,P2_1/c
WAWVEX.cif.cif,P2_1/c
WAXVUO.cif.cif,C2/c
WECSIG.cif.cif,P-1
WECSOM.cif.cif,P2_1/c
WECSUS.cif.cif,P-1
WECTAZ.cif.cif,P-1
WECTED.cif.cif,P2_1/c
WECTIH.cif.cif,P-1
WECTON.cif.cif,P2_1/c
WECTUT.cif.cif,P-1
WECVAB.cif.cif,P-1
WECVEF.cif.cif,P-1
WECVIJ.cif.cif,P-1
WECVOP.cif.cif,P-1
WECVUV.cif.cif,P-1
WECWAC.cif.cif,P2_1/c
WECYOS.cif.cif,P-1
WECYUY.cif.cif,P-1
WEGJIC.cif.cif,P-1
WEGQOR.cif.cif,P-1
WEGQUX.cif.cif,P-1
WEGWAI.cif.cif,P-1
WEHSUX.cif.cif,Cc
WELMOQ.cif.cif,P-1
WELMUW.cif.cif,P2_1/c
WENGEB.cif.cif,P2_1/c
WENGEB01.cif.cif,P-1
WENGEB02.cif.cif,P-1
WEPPUD.cif.cif,Pc
WEQBOK.cif.cif,I4_1
WEQBUQ.cif.cif,Pna2_1
WEQSAM.cif.cif,P2_1/c
WEQSEQ.cif.cif,P-1
WERLOV.cif.cif,P-1
WERLUB.cif.cif,Cc
WERMAI.cif.cif,Cc
WETKEN.cif.cif,P-1
WETKOX.cif.cif,Pna2_1
WEYZAD.cif.cif,P-1
WEYZEH.cif.cif,P-1
WEZPOH.cif.cif,C2/c
WEZPUN.cif.cif,P-1
WIDFEX.cif.cif,P-1
WIDHEZ.cif.cif,P-1
WIDZAK.cif.cif,P2_12_12_1
WIGDIC.cif.cif,P-1
WIHVIS.cif.cif,P-1
WIJREO.cif.cif,P-1
WIMHIK.cif.cif,P2_1/c
WINXEW.cif.cif,P-1
WIPCAB.cif.cif,P-1
WIQJOY.cif.cif,P-1
WIQJUE.cif.cif,P-1
WIRLUH.cif.cif,P2_1/c
WIRMAO.cif.cif,C2/c
WIRQAR.cif.cif,P2_1/c
WIRQEV.cif.cif,P-1
WIWMEV.cif.cif,P2_1/c
WIWMIZ.cif.cif,P2_1/c
WIWNUM.cif.cif,C2/c
WIXZAF.cif.cif,Pca2_1
WIYDIU.cif.cif,P2_1/c
WOBVUF.cif.cif,P1
WODBAT.cif.cif,P-1
WODLEG.cif.cif,P2_1/c
WODLIK.cif.cif,P-1
WODLOQ.cif.cif,P2_1
WODLUW.cif.cif,Pc
WODMAD.cif.cif,Pc
WODNIM.cif.cif,P2_1/c
WOFCUP.cif.cif,P2_1/c
WOFDAW.cif.cif,P1
WOFDEA.cif.cif,P2_1/c
WOHGAC.cif.cif,P-1
WOJBON.cif.cif,P2_1/c
WOLKUG.cif.cif,P-1
WONYAB.cif.cif,Pna2_1
WOPTAW.cif.cif,P1
WOSZOT.cif.cif,P-1
WOSZUZ.cif.cif,P-1
WOTBAI.cif.cif,P-1
WOTBEM.cif.cif,P2_1/c
WOTQAZ.cif.cif,P-1
WOXZIV.cif.cif,P-1
WOXZOB.cif.cif,P-1
WOZWIT.cif.cif,P-1
WOZWOZ.cif.cif,P-1
WOZWUF.cif.cif,P-1
WOZXAM.cif.cif,P-1
WOZXEQ.cif.cif,P2_1/c
WOZXIU.cif.cif,P-1
WUDYOL.cif.cif,P2_1/c
WUFJUC.cif.cif,P-1
WULDOY.cif.cif,P-1
WULHEQ.cif.cif,P2_1/c
WULYOS.cif.cif,Pc
WUMCIR.cif.cif,C2/c
WUQCUH.cif.cif,P1
WUQLOK.cif.cif,P-1
WURQEF.cif.cif,P2_1/c
WUTREJ.cif.cif,P-1
WUTRIN.cif.cif,P-1
WUTROT.cif.cif,P-1
WUTRUZ.cif.cif,P2_1/c
WUVJOO.cif.cif,P-1
WUXNEK.cif.cif,P2_1/c
WUXNIO.cif.cif,P-1
WUXNOU.cif.cif,P2_1/c
WUZTAO.cif.cif,P-1
XABCEJ.cif.cif,P2_1/c
XACHAM.cif.cif,P-1
XACHEQ.cif.cif,P-1
XAFJET.cif.cif,P2_1/c
XAFZEJ.cif.cif,P2_1/c
XAGRIJ.cif.cif,P-1
XAHFAN.cif.cif,P2_1/c
XAHFER.cif.cif,P2_1/c
XAKFOH.cif.cif,C2/c
XALYAK.cif.cif,P-1
XAMGOH.cif.cif,P2_1
XAMHAU.cif.cif,P1
XAMHIC.cif.cif,P-1
XANCAR.cif.cif,P-1
XANCEV.cif.cif,P-1
XAQHOO.cif.cif,P-1
XAQKOR.cif.cif,P-1
XARVIW.cif.cif,P-1
XAVLUE.cif.cif,P-1
XAVXAV.cif.cif,P2_1/c
XAWHEI.cif.cif,P2_1/c
XAWNAK.cif.cif,P-1
XAWRUI.cif.cif,P2_12_12_1
XAWSET.cif.cif,P2_12_12_1
XAZKOB.cif.cif,P-1
XEDFOD.cif.cif,P-1
XEDFUJ.cif.cif,P2_1/c
XEDGAQ.cif.cif,P-1
XEDTAE.cif.cif,P-1
XEDVAE.cif.cif,P2_1/c
XEFVIP.cif.cif,P-1
XEFVOV.cif.cif,P-1
XEFWIO.cif.cif,P2_1/c
XEFWOU.cif.cif,P-1
XEGRUY.cif.cif,P-1
XEGSAF.cif.cif,P-1
XEGSUY.cif.cif,P2_1/c
XEHGUN.cif.cif,P2_1/c
XEKPIN.cif.cif,P2_1/c
XELFAX.cif.cif,P2_1
XELFIF.cif.cif,P2_1
XENQIS.cif.cif,P-1
XENQOY.cif.cif,P-1
XEPTIW.cif.cif,P-1
XEPTOC.cif.cif,P-1
XEPTUI.cif.cif,P-1
XEPTUK.cif.cif,P-1
XEPZIC.cif.cif,P-1
XEPZOI.cif.cif,P-1
XEPZUO.cif.cif,P2_12_12_1
XERNAJ.cif.cif,P-1
XEVFIQ.cif.cif,P2_1
XEVFOW.cif.cif,P1
XEVQIB.cif.cif,P-1
XEVWUR.cif.cif,P-1
XEWRIB.cif.cif,P-1
XEYJAN.cif.cif,P-1
XEYVUS.cif.cif,P-1
XEYYOP.cif.cif,P2_1/c
XEZVED.cif.cif,P-1
XEZVED01.cif.cif,P-1
XEZVIH.cif.cif,Cc
XEZVON.cif.cif,P1
XICMUU.cif.cif,P2_1/c
XICVAI.cif.cif,P2_1
XIDPOS.cif.cif,C2/c
XIDPUY.cif.cif,C2/c
XIDQAF.cif.cif,P2_1/c
XIFWAM.cif.cif,P-1
XIFWEQ.cif.cif,P2_1/c
XIFXOC.cif.cif,P-1
XIFXUI.cif.cif,P-1
XIFYAP.cif.cif,P-1
XIFYET.cif.cif,P-1
XIHVUH.cif.cif,P2_1/c
XIKMUB.cif.cif,C2/c
XIKSAL.cif.cif,P2_1/c
XILJAD.cif.cif,P2_1/c
XILJAD01.cif.cif,P2_1/c
XILJAD02.cif.cif,P2_1/c
XIMKOT.cif.cif,P-1
XINTOE.cif.cif,P-1
XIQKUG.cif.cif,P2_1/c
XIQPUI.cif.cif,Cc
XITJUI.cif.cif,P-1
XIVGAM.cif.cif,P-1
XIVROM.cif.cif,P-1
XIWJAR.cif.cif,P1
XIWJEV.cif.cif,P2_1
XIXCOX.cif.cif,P1
XIXRII.cif.cif,P-1
XIXRUU.cif.cif,P2_1/c
XIXYUB.cif.cif,P2_1/c
XIYFUG.cif.cif,P-1
XIYGIV.cif.cif,P-1
XIZLOK.cif.cif,P2_1/c
XOFDII.cif.cif,P2_1/c
XOFGEH.cif.cif,P2_1/c
XOFJOR.cif.cif,P-1
XOFKEI.cif.cif,P2_1/c
XOFKIM.cif.cif,P-1
XOFLAF.cif.cif,Cc
XOFLIN.cif.cif,P2_1/c
XOFLUZ.cif.cif,P-1
XOFSES.cif.cif,P-1
XOFSIW.cif.cif,P-1
XOFTAP.cif.cif,P-1
XOLHAK.cif.cif,P-1
XOMNUK.cif.cif,P-1
XOPBAG.cif.cif,P-1
XOPVAC.cif.cif,P-1
XORVEF.cif.cif,P1
XOSCEQ.cif.cif,P2_1/c
XOSXIP.cif.cif,P-1
XOSXIP01.cif.cif,P-1
XOSXIP02.cif.cif,P-1
XOSXIP03.cif.cif,P-1
XOSYAI.cif.cif,P-1
XOTHEW.cif.cif,P2_1/c
XOVBAL.cif.cif,P2_1/c
XOVBEP.cif.cif,P2_12_12_1
XOWVAJ.cif.cif,P2_12_12_1
XUCHOV.cif.cif,C2/c
XUCJAI.cif.cif,P-1
XUFREY.cif.cif,C2/c
XUHZUW.cif.cif,P2_1
XUKDAI.cif.cif,P-1
XULDUE.cif.cif,P2_1/c
XUMPAY.cif.cif,P-1
XUMPEC.cif.cif,P-1
XUMPIG.cif.cif,P-1
XUQVIQ.cif.cif,C2
XUQVOW.cif.cif,C2
XURKIE.cif.cif,P2_1/c
XURKOK.cif.cif,P-1
XURKUQ.cif.cif,P-1
XURLAX.cif.cif,P-1
XUSYAO.cif.cif,P2_1/c
XUWXEV.cif.cif,C2/c
XUYJAF.cif.cif,P2_1/c
XUYMIP.cif.cif,P2_12_12_1
XUYMUB.cif.cif,P-1
XUZFON.cif.cif,P2_1/c
XUZFUT.cif.cif,P2_1/c
XUZGAA.cif.cif,P2_1/c
XUZGEE.cif.cif,P-1
XUZYUO.cif.cif,P-1
YABLEU.cif.cif,P-1
YABSUP.cif.cif,P2_1/c
YADJAP.cif.cif,P-1
YADJET.cif.cif,P-1
YAFPED.cif.cif,P-1
YAFPIE.cif.cif,P2_1/c
YAGSAE.cif.cif,P1
YAGYAH.cif.cif,C2
YAHVAH.cif.cif,P-1
YAJLUT.cif.cif,P-1
YAJMOO.cif.cif,P-1
YAJNAZ.cif.cif,C2/c
YAJYEO.cif.cif,P-1
YAKBIY.cif.cif,P1
YAKKAZ.cif.cif,C2/c
YAKMIG.cif.cif,P1
YAKMOM.cif.cif,P1
YAKMUS.cif.cif,P1
YALXUH.cif.cif,P-1
YALYAO.cif.cif,P-1
YALYES.cif.cif,P-1
YALYIW.cif.cif,P-1
YALYOC.cif.cif,P-1
YANNOR.cif.cif,P-1
YARROY.cif.cif,P2_1/c
YARTIX.cif.cif,P2_1/c
YASCED.cif.cif,P-1
YASDOO.cif.cif,P1
YAVBOO.cif.cif,Aea2
YAVVOG.cif.cif,P2_12_12_1
YAVVOG10.cif.cif,P2_12_12_1
YAZDIN.cif.cif,C2/c
YEFPEF.cif.cif,P2_1/c
YEFYAL.cif.cif,P2_1/c
YEHDAR.cif.cif,P-1
YEHQOS.cif.cif,P2_1/c
YEHQUY.cif.cif,P2_1/c
YEJSAK.cif.cif,C2/c
YEKHIF.cif.cif,P-1
YEKZOG.cif.cif,P2_1/c
YEMBAU.cif.cif,P-1
YENFUU.cif.cif,P-1
YEQMOW.cif.cif,P2_1/c
YEQPIU.cif.cif,P-1
YEQPOA.cif.cif,P-1
YESKOZ.cif.cif,P2_1/c
YEVJAN.cif.cif,P2_1
YEVKIT.cif.cif,P-1
YEVKIT01.cif.cif,P-1
YEVKOZ.cif.cif,P-1
YEYFAM.cif.cif,P-1
YEYSAY.cif.cif,P-1
YEYSIG.cif.cif,P-1
YEYZAD.cif.cif,Pbca
YEZDEM.cif.cif,P-1
YIBCAN.cif.cif,P2_1/c
YIBNEF.cif.cif,P2_12_12_1
YIBWIS.cif.cif,P2_12_12_1
YIBWOY.cif.cif,P-1
YIBWUE.cif.cif,P-1
YICKEC.cif.cif,P2_1/c
YICKIG.cif.cif,P2_1/c
YICKOM.cif.cif,P2_1/c
YICKUS.cif.cif,P-1
YIGBIB.cif.cif,P-1
YIKJOR.cif.cif,P-1
YIKJOR01.cif.cif,P2_1/c
YILQOA.cif.cif,P2_1/c
YILSUI.cif.cif,P2_1/c
YIMPAO.cif.cif,P2_1/c
YIMYOI.cif.cif,P-1
YIMYUO.cif.cif,P2_1/c
YIPGOU.cif.cif,P-1
YIWFEP.cif.cif,P-1
YIWFIT.cif.cif,P2_1/c
YIWFOZ.cif.cif,P2_1/c
YIWGAM.cif.cif,P-1
YIXQEB.cif.cif,Cc
YIXQIF.cif.cif,P-1
YIXVIK.cif.cif,C2/c
YIXYOU.cif.cif,P2_1/c
YIYPIF.cif.cif,P-1
YOBGAY.cif.cif,P2_1/c
YOFJOS.cif.cif,P-1
YOFJUY.cif.cif,P-1
YOFKAF.cif.cif,P-1
YOGHAE.cif.cif,P1
YOHNEP.cif.cif,P-1
YOKVIF.cif.cif,P-1
YOLMUK.cif.cif,C2
YOMMIW.cif.cif,P2_1/c
YONPAT.cif.cif,P-1
YONPEX.cif.cif,P-1
YONPIB.cif.cif,P-1
YONPUN.cif.cif,P-1
YOPGIW.cif.cif,P-1
YOTDOB.cif.cif,P2_1/c
YOWHUN.cif.cif,P2_1/c
YOWJID.cif.cif,P-1
YOXNIL.cif.cif,P-1
YUBBAB.cif.cif,P2_1/c
YUBBIJ.cif.cif,P-1
YUBDIL.cif.cif,P2_1/c
YUBPAM.cif.cif,P-1
YUBPOA.cif.cif,P2_1/c
YUBTEU.cif.cif,P-1
YUCHEJ.cif.cif,C2/c
YUCTIC.cif.cif,P-1
YUDGAF.cif.cif,P2_1/c
YUDGAF01.cif.cif,P2_1/c
YUGKOA.cif.cif,Cc
YUGMAO.cif.cif,P-1
YUKFEP.cif.cif,P-1
YUKKIY.cif.cif,P2_1/c
YUKKIY10.cif.cif,P2_1/c
YUKRIF.cif.cif,C2/c
YUNKUQ.cif.cif,P-1
YUNLAX.cif.cif,P2_1/c
YUNLEB.cif.cif,P2_1/c
YUNLIF.cif.cif,P-1
YUVXAQ.cif.cif,P-1
YUYRIU.cif.cif,P2_1/c
YUYROA.cif.cif,C2/c
ZADWAC.cif.cif,P2_1/c
ZAJMAY.cif.cif,P-1
ZAJMEC.cif.cif,P-1
ZALHUP.cif.cif,P-1
ZALYAP.cif.cif,P-1
ZALYET.cif.cif,P2_1
ZALZAN.cif.cif,P2_1/c
ZAPXAP.cif.cif,P-1
ZAQSUF.cif.cif,P-1
ZAQTAM.cif.cif,P-1
ZAQTEQ.cif.cif,P-1
ZAQTIU.cif.cif,P-1
ZARJIN.cif.cif,P2_1/c
ZARMOW.cif.cif,P2_1/c
ZARMUC.cif.cif,R-3
ZARNEL.cif.cif,P2_12_12_1
ZARYAU.cif.cif,P2_1
ZAWFEI.cif.cif,P-1
ZAWFIM.cif.cif,Pna2_1
ZAWFIM01.cif.cif,Pna2_1
ZAWFUY.cif.cif,P2_1
ZAWFUY01.cif.cif,P2_1
ZAWGAF01.cif.cif,P-1
ZAWGEJ.cif.cif,P-1
ZAWGEJ01.cif.cif,P-1
ZAWJEM.cif.cif,P-1
ZAXFAI.cif.cif,P-1
ZAXGIO.cif.cif,Pca2_1
ZAYMOD.cif.cif,P2_1/c
ZAYNAQ.cif.cif,P-1
ZAZGOW.cif.cif,P-1
ZAZGUC.cif.cif,Pna2_1
ZAZQAS.cif.cif,P2_1/c
ZAZQEW.cif.cif,P-1
ZAZRAV.cif.cif,P-1
ZAZREZ.cif.cif,P-1
ZECGEW.cif.cif,P2_1/c
ZECHUM.cif.cif,P-1
ZECJEY.cif.cif,P2_1/c
ZEJLUX.cif.cif,P2_1/c
ZEJMAE.cif.cif,P-1
ZEJMIM.cif.cif,C2/c
ZEJMUY.cif.cif,P-1
ZEKTOY.cif.cif,P-1
ZEKTUE.cif.cif,P-1
ZEKWOB.cif.cif,P2_12_12_1
ZEKXOE.cif.cif,C2/c
ZEKXOE01.cif.cif,C2/c
ZEQQOB.cif.cif,P2_1/c
ZEQQUH.cif.cif,P-1
ZEQRAO.cif.cif,P-1
ZESFIO.cif.cif,C2/c
ZEVLET.cif.cif,P2_1/c
ZEVLIX.cif.cif,P2_1/c
ZEXDIP.cif.cif,P2_1/c
ZICFEW.cif.cif,P2_1/c
ZIDXUF.cif.cif,P-1
ZIJDAX.cif.cif,P-1
ZIJPIU.cif.cif,P-1
ZIMNEO.cif.cif,P2_1/c
ZIQYIK.cif.cif,C2/c
ZIRSIF01.cif.cif,P-1
ZIRZEH02.cif.cif,P2_1/c
ZIRZOR.cif.cif,Pbca
ZISCIQ.cif.cif,P2_1/c
ZITLOD.cif.cif,P-1
ZITLUJ.cif.cif,P-1
ZITLUJ01.cif.cif,P2_1
ZITLUJ02.cif.cif,P-1
ZITMAQ.cif.cif,P-1
ZITMEU.cif.cif,P1
ZITMIY.cif.cif,P1
ZITMOE.cif.cif,Cc
ZITMUK.cif.cif,P-1
ZITNIZ.cif.cif,P2_1
ZIXNAV.cif.cif,P2_1/c
ZOCMUB.cif.cif,P2_1/c
ZOCNEM.cif.cif,P2_1/c
ZOFJUC.cif.cif,P-1
ZOFLUE.cif.cif,P-1
ZOHQOE.cif.cif,P2_12_12_1
ZOHQUK.cif.cif,P-1
ZOHRAR.cif.cif,P-1
ZONQOI.cif.cif,P-1
ZONSIG.cif.cif,P-1
ZONXEF.cif.cif,P-1
ZONZAF.cif.cif,P-1
ZORGOC.cif.cif,P2_1/c
ZORGUI.cif.cif,P-1
ZOVREH.cif.cif,P-1
ZOXCAS.cif.cif,P-1
ZOXQIM.cif.cif,Pbca
ZOXQUA.cif.cif,P-1
ZOZKAA.cif.cif,P-1
ZUBHIP.cif.cif,C2/c
ZUCLIU.cif.cif,P-1
ZUGXUU.cif.cif,P2_1/c
ZUJKOG.cif.cif,P-1
ZUJKUM.cif.cif,P-1
ZUJYOU.cif.cif,P2_1/c
ZUKBEP.cif.cif,P-1
ZUKBOZ.cif.cif,P-1
ZUKCAM.cif.cif,P-1
ZULMOI.cif.cif,C2/c
ZUMRAA.cif.cif,P2_1/c
ZUMREE.cif.cif,P2_1/c
ZUNMAY.cif.cif,P2_1/c
ZURCUM.cif.cif,P-1
ZURDAT.cif.cif,P2_1
ZUSSUD.cif.cif,P4_3
ZUSTAK.cif.cif,P-1
ZUSTIQ.cif.cif,C2
ZUTJOP.cif.cif,P-1
ZUTMIK.cif.cif,P2_1/c
ZUTPUZ.cif.cif,P2_1/c
ZUTQAG.cif.cif,P-1
ZUTQEK.cif.cif,P-1
ZUTQIO.cif.cif,P-1
ZUZPIV.cif.cif,P-1
